Job ID,Job URL,Job Title,Company Name,Status,Timestamp,WP ID
f0e28315eb895347,https://az.linkedin.com/jobs/view/supply-chain-executive-at-descon-engineering-limited-4431909904,Supply Chain Executive,Descon Engineering Limited,posted,2026-07-06T23:52:48.585275,20
cf244f497a81263c,https://az.linkedin.com/jobs/view/p%C9%99rak%C9%99nd%C9%99-xidm%C9%99tl%C9%99r-v%C9%99-istehlak-kreditl%C9%99ri-%C3%BCzr%C9%99-ki%C3%A7ik-m%C3%BCt%C9%99x%C9%99ssis-m%C3%BCt%C9%99x%C9%99ssis-g%C9%99nc%C9%99-at-unibank-4435049816,Pərakəndə xidmətlər və istehlak kreditləri üzrə kiçik mütəxəssis/mütəxəssis (Gəncə),,scraped,2026-07-06T23:52:51.121474,
9db2086335ac6c94,https://az.linkedin.com/jobs/view/p%C9%99rak%C9%99nd%C9%99-xidm%C9%99tl%C9%99r-v%C9%99-istehlak-kreditl%C9%99ri-%C3%BCzr%C9%99-ki%C3%A7ik-m%C3%BCt%C9%99x%C9%99ssis-m%C3%BCt%C9%99x%C9%99ssis-b%C9%99rd%C9%99-at-unibank-4435057317,Pərakəndə xidmətlər və istehlak kreditləri üzrə kiçik mütəxəssis/mütəxəssis (Bərdə),,scraped,2026-07-06T23:52:57.573572,
7952c322b86b2b1e,https://az.linkedin.com/jobs/view/production-operator-at-gen-pharma-caucasus-manufacturing-operations-4432750930,Production Operator,GEN PHARMA CAUCASUS MANUFACTURING OPERATIONS,posted,2026-07-06T23:53:12.301080,22
6773f5a2c2aff3ca,https://az.linkedin.com/jobs/view/%C9%99m%C9%99liyyat-riskl%C9%99ri-b%C3%B6lm%C9%99sinin-m%C3%BCt%C9%99x%C9%99ssisi-apar%C4%B1c%C4%B1-m%C3%BCt%C9%99x%C9%99ssisi-at-unibank-4435041961,Əməliyyat riskləri bölməsinin Mütəxəssisi / Aparıcı Mütəxəssisi,,scraped,2026-07-06T23:53:14.888259,
7721558e148e756c,https://az.linkedin.com/jobs/view/product-planning-specialist-at-gen-pharma-caucasus-manufacturing-operations-4432780891,Product Planning Specialist,GEN PHARMA CAUCASUS MANUFACTURING OPERATIONS,posted,2026-07-06T23:53:28.559665,24
0c715e62c614b727,https://az.linkedin.com/jobs/view/qaytar%C4%B1lma-m%C3%BCraci%C9%99tl%C9%99rinin-ara%C5%9Fd%C4%B1r%C4%B1lmas%C4%B1-v%C9%99-h%C9%99lli-qrupunun-m%C3%BCt%C9%99x%C9%99ssisi-at-life-at-bir-4435246485,Qaytarılma müraciətlərinin araşdırılması və həlli qrupunun mütəxəssisi,,scraped,2026-07-06T23:53:30.868861,
f650217dd877a4b0,https://az.linkedin.com/jobs/view/region-filiallar%C4%B1-%C3%BCzr%C9%99-k%C3%B6n%C3%BCll%C3%BC-salyan-at-unibank-4435051747,Region filialları üzrə könüllü (Salyan),,scraped,2026-07-06T23:53:37.236642,
6a1f0791536cafb8,https://az.linkedin.com/jobs/view/microbiology-specialist-at-gen-pharma-caucasus-manufacturing-operations-4432766888,Microbiology Specialist,GEN PHARMA CAUCASUS MANUFACTURING OPERATIONS,posted,2026-07-06T23:53:51.138517,26
064c88096fa4981d,https://az.linkedin.com/jobs/view/hesabatl%C4%B1l%C4%B1q-%C5%9F%C3%B6b%C9%99sinin-ba%C5%9F-m%C3%BCt%C9%99x%C9%99ssisi-at-pasha-life-4433929280,Hesabatlılıq şöbəsinin baş mütəxəssisi,PASHA Life,posted,2026-07-06T23:54:37.229279,28
2e90d66410f317ef,https://az.linkedin.com/jobs/view/kadr-i%C5%9Finin-t%C9%99%C5%9Fkili-b%C3%B6lm%C9%99sinin-eksperti-at-bank-of-baku-ojsc-4432704315,Kadr işinin təşkili bölməsinin eksperti,,scraped,2026-07-06T23:54:39.831261,
d8d6b309f351bb04,https://az.linkedin.com/jobs/view/sap-master-data-expert-at-holcim-azerbaijan-member-of-holcim-group-4435215467,SAP Master Data Expert,,scraped,2026-07-06T23:54:48.014492,
135c753f150b90f7,https://az.linkedin.com/jobs/view/safety-back-office-executive-at-aceolution-4436077795,Safety Back Office Executive,Aceolution,posted,2026-07-06T23:55:02.758625,30
e54da12f249fd8af,https://az.linkedin.com/jobs/view/product-owner-at-apar-4432781484,Product Owner,Apar,posted,2026-07-06T23:55:11.248149,32
ca5d10b347858c30,https://az.linkedin.com/jobs/view/global-affiliate-manager-at-binance-4435225639,Global Affiliate Manager,Binance,posted,2026-07-06T23:55:19.608112,34
1501cd038ae4b8c5,https://az.linkedin.com/jobs/view/account-manager-at-wolt-4426051916,Account Manager,,scraped,2026-07-06T23:55:22.231573,
098c4e86e0cd61dc,https://az.linkedin.com/jobs/view/fortinet-engineer-at-muk-4436035890,Fortinet Engineer,,scraped,2026-07-06T23:55:29.446651,
917e8393b553342d,https://az.linkedin.com/jobs/view/affiliate-relationship-manager-cis-at-binance-4415934186,Affiliate Relationship Manager - CIS,Binance,posted,2026-07-06T23:55:43.029931,36
51f6ace123cdd164,https://az.linkedin.com/jobs/view/finance-coordinator-at-xsolla-4422287357,Finance Coordinator,Xsolla,posted,2026-07-06T23:55:52.193568,38
3683cf4a8cb8e307,https://az.linkedin.com/jobs/view/responsable-unit%C3%A9-fabrication-at-stellantis-4400133409,Responsable unité Fabrication,Stellantis,posted,2026-07-06T23:56:05.068640,40
26fab0a84f9574d0,https://az.linkedin.com/jobs/view/senior-consultant-to-business-processes-solutions-team-at-deloitte-4433149827,Senior Consultant to Business Processes Solutions Team,Deloitte,posted,2026-07-06T23:56:14.237512,42
a8f4122c76f569ba,https://az.linkedin.com/jobs/view/business-development-specification-manager-airium-at-holcim-4437435638,Business Development & Specification Manager - Airium,,scraped,2026-07-06T23:56:16.912111,
4295946b6dcee99e,https://az.linkedin.com/jobs/view/sat%C4%B1nalmalar-departamentinin-hesabatl%C4%B1q-v%C9%99-t%C9%99hlil-%C5%9F%C3%B6b%C9%99sinin-ki%C3%A7ik-m%C3%BCt%C9%99x%C9%99ssisi-m%C3%BCt%C9%99x%C9%99ssisi-at-abb-4436300158,Satınalmalar departamentinin Hesabatlıq və təhlil şöbəsinin kiçik mütəxəssisi / mütəxəssisi,,scraped,2026-07-06T23:56:23.798079,
f22cc9c420530f68,https://az.linkedin.com/jobs/view/kol-business-development-manager-azerbaijan-at-bingx-4429620447,KOL Business Development Manager (Azerbaijan),,scraped,2026-07-06T23:56:30.279105,
ebe43d15ccc418a4,https://az.linkedin.com/jobs/view/consulting-director-acquiring-at-visa-4414648843,Consulting Director (Acquiring),Visa,posted,2026-07-06T23:56:44.633117,44
7bd0ddea8efed37c,https://az.linkedin.com/jobs/view/head-of-construction-solutions-head-1-at-holcim-4437438568,Head of Construction Solutions Head 1,,scraped,2026-07-06T23:56:47.250425,
10bd9fc162a7f344,https://az.linkedin.com/jobs/view/offshore-construction-supervisor-at-pd-ms-group-4432338123,Offshore Construction Supervisor,,scraped,2026-07-06T23:56:54.029394,
45b09290855064d2,https://az.linkedin.com/jobs/view/sr-credit-settlement-risk-manager-at-visa-4428114766,Sr. Credit & Settlement Risk Manager,Visa,posted,2026-07-06T23:57:09.513890,46
fb0454c2dd1326d0,https://az.linkedin.com/jobs/view/social-media-marketing-specialist-organic-growth-focus-at-sigma-llc-4412243773,Social Media Marketing Specialist (Organic Growth Focus),Sigma LLC,posted,2026-07-06T23:57:17.714380,48
2f6c1768cebeb4bf,https://az.linkedin.com/jobs/view/corrosion-engineer-at-sofomation-4437140589,Corrosion Engineer,Sofomation,posted,2026-07-06T23:57:31.086139,50
9e8dc57a40ffafef,https://az.linkedin.com/jobs/view/corporate-development-investor-relations-leading-specialist-at-life-at-bir-4436053122,Corporate Development & Investor Relations Leading Specialist,,scraped,2026-07-06T23:57:33.740714,
7a3aecfa569c03f8,https://az.linkedin.com/jobs/view/painter-local-at-the-ritz-carlton-hotel-company-l-l-c-4435216710,Painter (Local),"The Ritz-Carlton Hotel Company, L.L.C.",posted,2026-07-06T23:57:46.522963,52
d2a824374eb4d1a8,https://az.linkedin.com/jobs/view/lead-sales-specialist-%E2%80%93-db-caspian-at-baker-hughes-4432438795,Lead Sales Specialist – DB Caspian,Baker Hughes,posted,2026-07-06T23:57:55.436549,54
f77b48731bab7939,https://az.linkedin.com/jobs/view/sales-manager-at-asstra-associated-traffic-ag-4433129080,Sales Manager,,scraped,2026-07-06T23:57:58.064959,
19b77d1c851e0826,https://az.linkedin.com/jobs/view/housekeeping-attendant-at-accor-4435792899,Housekeeping Attendant,Accor,posted,2026-07-06T23:58:17.755332,56
838f8436a13bfa12,https://az.linkedin.com/jobs/view/i%C5%9F-icra%C3%A7%C4%B1s%C4%B1-at-sr-group-co-4435838446,Iş icraçısı,,scraped,2026-07-06T23:58:20.371959,
2120eef140f974f7,https://az.linkedin.com/jobs/view/lead-specialist-of-employee-engagement-at-life-at-bir-4435468751,Lead Specialist of Employee Engagement,,scraped,2026-07-06T23:58:27.439818,
d7954ca46645bb1e,https://az.linkedin.com/jobs/view/pa%C5%9Fa-h%C9%99yat-s%C4%B1%C4%9Forta-apar%C4%B1c%C4%B1-auditor-at-pasha-holding-llc-4437146864,PAŞA Həyat Sığorta - Aparıcı Auditor,,scraped,2026-07-06T23:58:33.788401,
9abc1e8f9403a068,https://az.linkedin.com/jobs/view/responsable-unit%C3%A9-maintenance-at-stellantis-4378918610,Responsable unité maintenance,Stellantis,posted,2026-07-06T23:58:52.427282,58
d14c4099f4445c83,https://az.linkedin.com/jobs/view/interface-manager-at-totalenergies-4436421792,Interface Manager,,scraped,2026-07-06T23:58:55.042426,
f5329eb36718ee73,https://az.linkedin.com/jobs/view/commercial-advisor-oilfield-chemicals-at-baker-hughes-4436350486,Commercial Advisor - Oilfield Chemicals,Baker Hughes,posted,2026-07-06T23:59:08.468092,60
cf170f906b2877d3,https://az.linkedin.com/jobs/view/ai-platform-engineer-at-life-at-bir-4434669229,AI Platform Engineer,,scraped,2026-07-06T23:59:11.045740,
5c39c4ce3f3161c4,https://az.linkedin.com/jobs/view/visual-creator-designer-1-at-holcim-4437432748,Visual creator (designer) 1,,scraped,2026-07-06T23:59:17.526986,
145dc66e48c39312,https://az.linkedin.com/jobs/view/project-control-manager-baku-expat-at-pd-ms-group-4431089028,Project Control Manager (Baku Expat),,scraped,2026-07-06T23:59:24.803955,
e53e718b804a242f,https://az.linkedin.com/jobs/view/senior-officer-disaster-risk-reduction-drr-at-international-federation-of-red-cross-and-red-crescent-societies-ifrc-4433592668,"Senior Officer, Disaster Risk Reduction (DRR)",,scraped,2026-07-06T23:59:34.234039,
83614e9ece021857,https://az.linkedin.com/jobs/view/ai-platform-engineer-at-life-at-bir-4434662378,AI Platform Engineer,,scraped,2026-07-06T23:59:41.580168,
f0046b755f79068d,https://az.linkedin.com/jobs/view/vi%CC%87p-m%C3%BC%C5%9Ft%C9%99ril%C9%99rl%C9%99-i%C5%9F-departamentin%C9%99-android-%C3%BCzr%C9%99-proqram%C3%A7%C4%B1-at-abb-4436331318,VİP müştərilərlə iş departamentinə Android üzrə proqramçı,,scraped,2026-07-06T23:59:47.929826,
1dd0d0bb044d8a27,https://az.linkedin.com/jobs/view/senior-project-manager-baku-expat-at-pd-ms-group-4433927275,Senior Project Manager ( Baku Expat),,scraped,2026-07-06T23:59:54.346928,
947e1b3d2cd94890,https://az.linkedin.com/jobs/view/ux-ui-designer-at-the-flex-4436376700,UX/UI Designer,,scraped,2026-07-07T00:00:03.074069,
647d36a5ea8e3adf,https://az.linkedin.com/jobs/view/graphic-designer-at-xsolla-4413620867,Graphic Designer,Xsolla,posted,2026-07-07T00:00:18.666600,62
693a6e25dbcf8eab,https://az.linkedin.com/jobs/view/backend-engineer-go-at-xsolla-4373475914,Backend Engineer (Go),Xsolla,posted,2026-07-07T00:00:27.606903,64
74759c96a51ba219,https://az.linkedin.com/jobs/view/frontend-engineer-react-at-xsolla-4373488037,Frontend Engineer (React),Xsolla,posted,2026-07-07T00:00:36.703953,66
856b774a6cf78d95,https://az.linkedin.com/jobs/view/sports-data-collector-football-shamakhi-azerbaijan-at-genius-sports-4426797010,"Sports Data Collector (Football) - Shamakhi, Azerbaijan",,scraped,2026-07-07T00:00:39.036110,
52b8f7b52fd9720f,https://az.linkedin.com/jobs/view/senior-frontend-engineer-at-xsolla-4406099349,Senior Frontend Engineer,Xsolla,posted,2026-07-07T00:00:51.779001,68
21163c3897f4ca54,https://az.linkedin.com/jobs/view/senior-software-engineer-go-at-xsolla-4281788388,Senior Software Engineer (Go),Xsolla,posted,2026-07-07T00:01:00.908306,70
04cd9031fc57c695,https://az.linkedin.com/jobs/view/responsable-unit%C3%A9-fabrication-ing%C3%A9nieur-at-stellantis-4378950407,Responsable unité Fabrication / ingénieur,Stellantis,posted,2026-07-07T00:01:13.086408,72
1cc85da35cb7bc56,https://az.linkedin.com/jobs/view/senior-project-engineer-at-worley-4436713303,Senior Project Engineer,Worley,posted,2026-07-07T00:01:23.440882,74
5edec8bd4b3ad621,https://az.linkedin.com/jobs/view/kredit-riskl%C9%99rinin-texnoloji-h%C9%99ll%C9%99rinin-%C5%9F%C3%B6b%C9%99si-m%C3%BCt%C9%99x%C9%99ssis-at-life-at-bir-4435092952,Kredit risklərinin texnoloji həllərinin şöbəsi Mütəxəssis,,scraped,2026-07-07T00:01:26.052314,
314e8838bd7683a9,https://az.linkedin.com/jobs/view/cim-commercial-manager-m-f-d-at-baker-hughes-4435383533,CIM Commercial Manager (M/F/D),Baker Hughes,posted,2026-07-07T00:01:39.161907,76
efbee382e74b6b32,https://az.linkedin.com/jobs/view/senior-value-chain-development-expert-at-ntu-international-a-s-4436372841,Senior Value Chain Development Expert,,scraped,2026-07-07T00:01:41.779922,
f586f9ad918f25c3,https://az.linkedin.com/jobs/view/sports-data-collector-football-agsu-azerbaijan-at-genius-sports-4426788875,"Sports Data Collector (Football) - Agsu, Azerbaijan",,scraped,2026-07-07T00:02:52.115823,
8242715bb3eb42fc,https://az.linkedin.com/jobs/view/myp-individuals-and-societies-teacher-2026-2027-academic-year-at-european-azerbaijan-school-4434516540,MYP Individuals and Societies Teacher (2026-2027 Academic Year),,scraped,2026-07-07T11:25:33.079147,
78d2f3fa6d4def55,https://az.linkedin.com/jobs/view/x%C3%BCsusi-t%C9%99l%C9%99bat-m%C9%99hsullar%C4%B1-%C3%BCzr%C9%99-partnyorluq-%C5%9F%C3%B6b%C9%99sinin-r%C9%99hb%C9%99ri-at-life-at-bir-4431946090,Xüsusi Tələbat Məhsulları üzrə Partnyorluq Şöbəsinin rəhbəri,,scraped,2026-07-07T11:25:51.354952,
f3df8380c67d8c54,https://az.linkedin.com/jobs/view/operations-administrative-assistant-at-aceolution-4434613546,Operations Administrative Assistant,Aceolution,posted,2026-07-07T11:26:07.299372,78
3015eb547bd124eb,https://az.linkedin.com/jobs/view/product-owner-at-b-est-solutions-4432773852,Product Owner,,scraped,2026-07-07T11:26:09.915683,
e03f65265482ff7d,https://az.linkedin.com/jobs/view/onshore-package-manager-at-totalenergies-4436430522,Onshore Package Manager,,scraped,2026-07-07T11:26:19.099183,
efd9e08f79a9ff5d,https://az.linkedin.com/jobs/view/strategy-innovation-intern-at-montfortlab-4433939795,Strategy & Innovation Intern,Montfortlab,posted,2026-07-07T11:26:33.717992,80
5afcf57892511e80,https://az.linkedin.com/jobs/view/grocery-associate-wolt-market-full-time-at-wolt-4436545112,Grocery Associate - Wolt Market (full-time),,scraped,2026-07-07T11:26:36.254219,
b8d83d41a28c0073,https://az.linkedin.com/jobs/view/junior-business-analyst-financial-strategic-bir-ecosystem-at-life-at-bir-4435237868,Junior Business Analyst (Financial & Strategic) - Bir ecosystem,,scraped,2026-07-07T11:26:43.577082,
9c7144a95ab35516,https://az.linkedin.com/jobs/view/kredit-riskl%C9%99rinin-texnoloji-h%C9%99ll%C9%99ri-%C5%9F%C3%B6b%C9%99sinin-ba%C5%9F-m%C3%BCt%C9%99x%C9%99ssis-at-life-at-bir-4435244528,Kredit risklərinin texnoloji həlləri şöbəsinin Baş mütəxəssis,,scraped,2026-07-07T11:26:50.188628,
53bacf8760ab801e,https://az.linkedin.com/jobs/view/digital-marketing-intern-at-montfortlab-4432742986,Digital Marketing Intern,Montfortlab,posted,2026-07-07T11:27:04.367562,82
c66a7de1fa23ad45,https://az.linkedin.com/jobs/view/senior-data-scientist-ai-and-data-science-coe-at-life-at-bir-4431940218,Senior Data Scientist - AI and Data science CoE,,scraped,2026-07-07T11:27:17.075241,
c133fabf76c863c6,https://az.linkedin.com/jobs/view/officer-disaster-risk-reduction-drr-at-international-federation-of-red-cross-and-red-crescent-societies-ifrc-4433586809,"Officer, Disaster Risk Reduction (DRR)",,scraped,2026-07-07T11:27:23.592532,
2d7c89bad712d407,https://az.linkedin.com/jobs/view/growth-marketer-at-the-flex-4436771661,Growth Marketer,,scraped,2026-07-07T11:27:30.393730,
0dc66d064cd6c5fa,https://az.linkedin.com/jobs/view/%D0%BC%D0%B5%D0%B4%D0%B8%D1%86%D0%B8%D0%BD%D1%81%D0%BA%D0%B0%D1%8F-%D1%81%D0%B5%D1%81%D1%82%D1%80%D0%B0-at-bumblebee-preschool-montessori-4433962112,Медицинская сестра,Bumblebee Preschool / Montessori,failed|wp_post_failed,2026-07-07T11:27:48.147774,
5dff9066158754bd,https://az.linkedin.com/jobs/view/fraud-hunters-growth-program-at-life-at-bir-4435238664,Fraud Hunters Growth Program,,scraped,2026-07-07T11:27:50.941203,
a44a8b2e01836297,https://az.linkedin.com/jobs/view/leading-senior-cyber-defense-soc-specialist-at-bir-ecosystem-4421967032,Leading / Senior Cyber Defense (SOC) Specialist,,scraped,2026-07-07T11:28:01.183968,
30375ca75571fa15,https://az.linkedin.com/jobs/view/sales-representative-intern-at-planb-company-4433943926,Sales Representative Intern,PlanB  Company,posted,2026-07-07T11:28:20.755496,84
dec5fdbd7c8d8924,https://az.linkedin.com/jobs/view/sales-specialist-at-tripocell-com-4433925287,Sales Specialist,Tripocell.com,posted,2026-07-07T11:28:34.318162,86
6db892253655c62d,https://az.linkedin.com/jobs/view/back-end-developer-micro-products-tribe-at-life-at-bir-4436246055,Back-End Developer - Micro Products Tribe,,scraped,2026-07-07T11:28:36.852654,
14fa79f46f1bcd6a,https://az.linkedin.com/jobs/view/ai-video-creator-at-the-flex-4436767823,AI Video Creator,,scraped,2026-07-07T11:28:43.429301,
759e79570c57b75e,https://az.linkedin.com/jobs/view/texniki-satis-m%C3%BCt%C9%99x%C9%99ssisi-at-alumin-llc-4245245811,Texniki Satis mütəxəssisi,Alumin LLC,posted,2026-07-07T11:28:57.294364,88
e3e8185a359277eb,https://az.linkedin.com/jobs/view/cementing-operator-at-baker-hughes-4436700276,Cementing Operator,Baker Hughes,posted,2026-07-07T11:29:06.556647,90
6f92d46995b9df21,https://az.linkedin.com/jobs/view/gs-team-leader-at-four-seasons-4436758823,GS Team Leader,Four Seasons,posted,2026-07-07T11:29:18.307208,92
95c80f20baa21582,https://az.linkedin.com/jobs/view/steward-at-accor-4436014050,Steward,Accor,posted,2026-07-07T11:29:30.121692,94
243d8ad4bac8fad2,https://az.linkedin.com/jobs/view/electronics-engineer-offshore-at-airswift-4434515606,Electronics Engineer( Offshore ),Airswift,posted,2026-07-07T11:29:39.397779,96
7c0c395b07c3e5bf,https://az.linkedin.com/jobs/view/sports-data-collector-football-qabala-azerbaijan-at-genius-sports-4425793182,"Sports Data Collector (Football) - Qabala, Azerbaijan",,scraped,2026-07-07T11:29:41.789002,
11e64dba8786d513,https://az.linkedin.com/jobs/view/s%C4%B1%C4%9Forta-agenti-%C3%BCzr%C9%99-t%C9%99lim%C3%A7i-at-apex-business-school-4206673456,Sığorta Agenti üzrə təlimçi,APEX Business School,posted,2026-07-07T11:29:57.189751,98
1f5ad36a363f5d86,https://az.linkedin.com/jobs/view/product-and-funnel-optimisation-manager-cis-at-binance-4434685436,Product and Funnel Optimisation Manager - CIS,Binance,posted,2026-07-07T11:30:07.345397,100
baaa1436b4e4c6e0,https://az.linkedin.com/jobs/view/security-engineer-at-xsolla-4434526509,Security Engineer,Xsolla,posted,2026-07-07T11:30:16.293292,102
000fca6f46db7adb,https://az.linkedin.com/jobs/view/middle-senior-operations-risk-analyst-at-afeagroup-4433171512,Middle/Senior Operations Risk Analyst,AfeaGroup,posted,2026-07-07T11:30:28.249663,104
58b5a5672311e553,https://az.linkedin.com/jobs/view/steward-at-four-seasons-4437135585,Steward,Four Seasons,posted,2026-07-07T11:30:36.175918,94
7be80df3eb45f71d,https://az.linkedin.com/jobs/view/support-assistant-for-official-residence-at-embassy-of-brazil-in-baku-4432369683,Support Assistant for Official Residence,,scraped,2026-07-07T11:30:38.888828,
1d3dfd4e73586bd4,https://az.linkedin.com/jobs/view/amo-electronics-engineer-at-baker-hughes-4435307905,AMO Electronics Engineer,Baker Hughes,posted,2026-07-07T11:30:52.472366,106
4427d6065bf76003,https://az.linkedin.com/jobs/view/offshore-and-ufr-package-manager-at-totalenergies-4436434382,Offshore and UFR Package Manager,,scraped,2026-07-07T11:30:57.140043,
e52bd711fc486346,https://az.linkedin.com/jobs/view/assistant-server-at-four-seasons-4436382106,Assistant Server,Four Seasons,posted,2026-07-07T11:31:13.820871,108
1b4e26bb53b400b1,https://az.linkedin.com/jobs/view/gmp-compliance-specialist-at-gen-pharma-caucasus-manufacturing-operations-4433934221,GMP Compliance Specialist,GEN PHARMA CAUCASUS MANUFACTURING OPERATIONS,posted,2026-07-07T19:19:12.190413,110
86ca08d4ea25ff6b,https://az.linkedin.com/jobs/view/baku-technical-professional-cementing-at-halliburton-4436238198,Baku - Technical Professional -Cementing,Halliburton,posted,2026-07-07T19:19:22.359477,112
dee8c4160a52f14a,https://az.linkedin.com/jobs/view/hr-manager-hrbp-payroll-at-aceolution-4435011756,HR Manager (HRBP & Payroll),Aceolution,posted,2026-07-07T19:20:00.266359,114
94d5f005f331244d,https://az.linkedin.com/jobs/view/project-control-manager-at-totalenergies-4436423861,Project Control Manager,,scraped,2026-07-07T19:20:03.094830,
0dee11feb0561147,https://az.linkedin.com/jobs/view/global-marketing-manager-at-eincors-4433701043,Global Marketing Manager,,scraped,2026-07-07T19:20:10.986976,
313bbf8d7245c222,https://az.linkedin.com/jobs/view/customs-broker-at-penta-group-4432394071,Customs Broker,,scraped,2026-07-07T19:20:18.149520,
7cca8c280243a6f2,https://az.linkedin.com/jobs/view/korporativ-sat%C4%B1%C5%9F-m%C3%BCt%C9%99x%C9%99ssisi-at-gbaru-com-4434543597,Korporativ Satış Mütəxəssisi,,scraped,2026-07-07T19:20:27.198581,
8cedeee87c4efa65,https://az.linkedin.com/jobs/view/korporativ-sat%C4%B1%C5%9F-t%C9%99msil%C3%A7isi-at-feb-group-4434513848,Korporativ Satış Təmsilçisi,,scraped,2026-07-07T19:20:34.858464,
ee8141f6f731af4e,https://az.linkedin.com/jobs/view/onshore-qa-qc-civil-engineer-at-iota-group-4435540815,Onshore QA/QC Civil Engineer,,scraped,2026-07-07T19:20:47.503660,
0f987f9338c4713b,https://az.linkedin.com/jobs/view/business-owner-in-azerbaijan-i-logistics-e-commerce-at-mail-boxes-etc-worldwide-development-4437802294,Business Owner in Azerbaijan I Logistics & E-commerce,,scraped,2026-07-07T19:20:55.139894,
5cdd986e2d3928f8,https://az.linkedin.com/jobs/view/business-sales-representative-at-hackathonhub-xyz-4433934783,Business/Sales Representative,HackathonHub.xyz,posted,2026-07-07T19:21:10.502824,116
47811dbd25274ba3,https://az.linkedin.com/jobs/view/cloud-network-engineer-at-paymentology-4437795747,Cloud Network Engineer,,scraped,2026-07-07T19:21:13.248258,
dcf5b7b37ceaf2cd,https://az.linkedin.com/jobs/view/document-controller-at-wood-4436354644,Document Controller,Wood,posted,2026-07-07T19:21:43.219644,118
66ba6fd46384eb27,https://az.linkedin.com/jobs/view/regional-growth-manager-cis-at-binance-4434694218,Regional Growth Manager - CIS,Binance,posted,2026-07-07T19:21:53.127312,120
a741559b0615a4e5,https://az.linkedin.com/jobs/view/repair-service-agent-at-accor-4436006914,Repair service agent,Accor,posted,2026-07-07T19:22:05.917678,122
978edc942385fc27,https://az.linkedin.com/jobs/view/pl-sql-developer-kredit-m%C9%99hsullar%C4%B1n%C4%B1n-inki%C5%9Faf%C4%B1na-d%C9%99st%C9%99k-b%C3%B6lm%C9%99sinin-eksperti-at-bank-of-baku-ojsc-4432702326,"PL/SQL developer, Kredit məhsullarının inkişafına dəstək bölməsinin eksperti",,scraped,2026-07-07T19:22:08.532069,
b8a9b5342e8433b7,https://az.linkedin.com/jobs/view/senior-growth-manager-cis-at-binance-4434679806,Senior Growth Manager - CIS,Binance,posted,2026-07-07T19:22:27.194430,124
69ef3b22d8c51f1f,https://az.linkedin.com/jobs/view/production-machinery-maintenance-technician-at-gen-pharma-caucasus-manufacturing-operations-4432764401,Production Machinery Maintenance Technician,GEN PHARMA CAUCASUS MANUFACTURING OPERATIONS,posted,2026-07-07T19:22:37.925777,126
9ba4ac55c6d17330,https://az.linkedin.com/jobs/view/customer-service-agent-merchant-team-at-binance-4427480820,Customer Service Agent - Merchant Team,Binance,posted,2026-07-07T19:22:49.336872,128
2ee4c52e3d1eda1b,https://az.linkedin.com/jobs/view/regional-business-development-director-at-xsolla-4433952081,Regional Business Development Director,Xsolla,posted,2026-07-07T19:22:59.246585,130
6dfb680ed1ceff63,https://az.linkedin.com/jobs/view/senior-land-management-rangeland-expert-at-ntu-international-a-s-4435596988,Senior Land Management / Rangeland Expert,,scraped,2026-07-07T19:23:03.898903,
785058deb2dcbf3c,https://az.linkedin.com/jobs/view/analitik-v%C9%99-t%C9%99qib%C9%99-d%C9%99st%C9%99k-b%C3%B6lm%C9%99sinin-ki%C3%A7ik-eksperti-at-bank-of-baku-ojsc-4432706254,Analitik və təqibə dəstək bölməsinin kiçik eksperti,,scraped,2026-07-07T19:23:11.611217,
13ea72d4fb94eb65,https://az.linkedin.com/jobs/view/banquet-cook-at-four-seasons-4436364951,Banquet Cook,Four Seasons,posted,2026-07-07T19:23:40.033815,132
e6e5e3a98be08cb6,https://az.linkedin.com/jobs/view/senior-analyst-supply-analytics-bangkok-based-relocation-provided-at-agoda-4299764771,"Senior Analyst (Supply Analytics, Bangkok-based, Relocation provided)",Agoda,posted,2026-07-07T19:23:56.167140,134
0cb02a4a27c18746,https://az.linkedin.com/jobs/view/assistant-bar-server-at-four-seasons-4436382105,Assistant Bar Server,Four Seasons,posted,2026-07-07T19:24:11.430130,136
06ec6757fe9486e9,https://az.linkedin.com/jobs/view/mechanic-at-four-seasons-4436383115,Mechanic,Four Seasons,posted,2026-07-07T23:32:55.342069,153
2389487d77ee1eac,https://az.linkedin.com/jobs/view/texnik-at-iris-hotel-baku-4433737492,Texnik,,scraped,2026-07-07T23:33:05.943580,
1e6177f3f7200137,https://az.linkedin.com/jobs/view/maintenance-technician-at-bridge-property-management-4426694035,Maintenance Technician,Bridge Property Management,posted,2026-07-07T23:33:19.502824,155
a7cff74d41c16285,https://az.linkedin.com/jobs/view/office-manager-at-xsolla-4433950165,Office Manager,Xsolla,posted,2026-07-07T23:33:28.453493,157
3bdda74dc7d9c6de,https://az.linkedin.com/jobs/view/ruhsatland%C4%B1rma-at-orzax-azerbaijan-4434542273,Ruhsatlandırma,Orzax Azerbaijan,posted,2026-07-07T23:33:39.307753,159
30491e29e2b7da6d,https://az.linkedin.com/jobs/view/kredit-r%C9%99smil%C9%99%C5%9Fdirilm%C9%99si-%C3%BCzr%C9%99-m%C3%BCt%C9%99x%C9%99ssis-%C5%9F%C9%99mkir-at-unibank-4435057315,Kredit rəsmiləşdirilməsi üzrə Mütəxəssis (Şəmkir),,scraped,2026-07-07T23:33:43.891821,
3985a480a54251ae,https://az.linkedin.com/jobs/view/project-coordinator-software-development-at-pls-4436709222,Project Coordinator (Software Development),PLS,posted,2026-07-07T23:33:56.756806,161
f244fa5db4631e9d,https://az.linkedin.com/jobs/view/entrepreneur-in-residence-eir-at-the-flex-4436941522,Entrepreneur in Residence (EIR),,scraped,2026-07-07T23:34:03.375093,
8424977d1739a60e,https://az.linkedin.com/jobs/view/h%C3%BCquq-departamentinin-arxiv-%C5%9F%C3%B6b%C9%99si-%C3%BCzr%C9%99-m%C3%BCt%C9%99x%C9%99ssisi-at-life-at-bir-4435249443,Hüquq Departamentinin Arxiv Şöbəsi üzrə Mütəxəssisi,,scraped,2026-07-07T23:34:10.262236,
686f91d30803c044,https://az.linkedin.com/jobs/view/logistics-operations-specialist-at-arkas-logistics-4437786956,Logistics Operations Specialist,Arkas Logistics,posted,2026-07-07T23:35:02.265447,163
2de41176aad110f6,https://az.linkedin.com/jobs/view/translator-english-remote-at-crossing-hurdles-4423626040,Translator (English) | Remote,Crossing Hurdles,posted,2026-07-07T23:35:10.508125,165
871694c0baaa8493,https://az.linkedin.com/jobs/view/office-administrator-at-aceolution-4434608687,Office Administrator,Aceolution,posted,2026-07-07T23:35:19.887747,167
3f76d6d6c81a00c4,https://az.linkedin.com/jobs/view/operational-resilience-senior-specialist-security-department-staff-hybrid-at-azercell-telecom-llc-4436527060,Operational Resilience Senior Specialist (Security Department/Staff/Hybrid),,scraped,2026-07-07T23:35:24.513899,
b3d54bec3c8a739d,https://az.linkedin.com/jobs/view/kinoteatr-meneceri-at-cinemastercard-4077384669,Kinoteatr meneceri,,scraped,2026-07-07T23:35:35.011011,
f2055e4b96249a66,https://az.linkedin.com/jobs/view/guest-services-agent-local-at-marriott-international-4436852741,Guest Services Agent (Local),Marriott International,posted,2026-07-07T23:35:47.931315,169
43be7a0170844190,https://az.linkedin.com/jobs/view/regional-sat%C4%B1%C5%9F-v%C9%99-marketinq-partnyoru-fitxlink-az%C9%99rbaycan-at-fitxlink-4434676520,Regional Satış və Marketinq Partnyoru | Fitxlink Azərbaycan,Fitxlink,posted,2026-07-07T23:36:07.341261,171
2240694c34b12bd3,https://az.linkedin.com/jobs/view/solution-ai-security-architect-at-life-at-bir-4435449339,Solution & AI Security Architect,,scraped,2026-07-07T23:36:42.002688,
4985ae585f346bac,https://az.linkedin.com/jobs/view/texniki-d%C9%99st%C9%99k-%C3%BCzr%C9%99-m%C3%BCt%C9%99x%C9%99ssis-at-proxima-tech-solutions-4433911689,Texniki Dəstək üzrə Mütəxəssis,,scraped,2026-07-07T23:36:58.494217,
5b8eb565628ea5d1,https://az.linkedin.com/jobs/view/growth-campaign-manager-cis-at-binance-4434679807,Growth Campaign Manager - CIS,Binance,posted,2026-07-07T23:37:19.461040,173
252c8f9c8a2b526d,https://az.linkedin.com/jobs/view/myp-geography-teacher-2026-2027-academic-year-at-european-azerbaijan-school-4434516708,MYP Geography Teacher (2026-2027 Academic Year),,scraped,2026-07-07T23:37:22.085902,
68b572da24d1d98a,https://az.linkedin.com/jobs/view/room-attendant-at-four-seasons-4436367851,Room Attendant,Four Seasons,posted,2026-07-07T23:37:41.181244,175
8e1f2bcdc4b0b14b,https://az.linkedin.com/jobs/view/language-teacher-remote-at-crossing-hurdles-4423618221,Language Teacher | Remote,Crossing Hurdles,posted,2026-07-08T09:19:17.066580,177
22028ed40eb79e57,https://az.linkedin.com/jobs/view/junior-it-auditor-technology-risk-assurance-at-ey-4436246212,"Junior IT Auditor - Technology Risk, Assurance",EY,posted,2026-07-08T09:19:30.863311,179
05eb73b537e64923,https://az.linkedin.com/jobs/view/lead-civil-engineer-at-azerbaijan-metal-company-4434824313,Lead Civil Engineer,Azerbaijan Metal Company,posted,2026-07-08T09:19:39.976769,181
ea21c76505279b2a,https://az.linkedin.com/jobs/view/head-of-data-engineering-and-technology-coe-at-life-at-bir-4436894985,Head of Data engineering and technology CoE,,scraped,2026-07-08T09:19:46.673921,
e189d53d190943ce,https://az.linkedin.com/jobs/view/senior-software-engineer-at-paymentology-4437793858,Senior Software Engineer,,scraped,2026-07-08T09:19:55.368167,
82abdbd20b471192,https://az.linkedin.com/jobs/view/lead-analyst-supply-analytics-bangkok-based-relocation-provided-at-agoda-4372111349,"Lead Analyst (Supply Analytics, Bangkok-based, Relocation provided)",Agoda,posted,2026-07-08T09:20:19.114951,183
30f3754a1ebd46f5,https://az.linkedin.com/jobs/view/butcher-dcdp-at-four-seasons-4436379134,Butcher DCDP,Four Seasons,posted,2026-07-08T09:20:36.546347,185
d4728dd81ae93e65,https://az.linkedin.com/jobs/view/duty-engineer-at-four-seasons-4436374354,Duty Engineer,Four Seasons,posted,2026-07-08T09:20:50.563447,187
d502c1bb994a1e17,https://az.linkedin.com/jobs/view/outlet-supervisor-at-accor-4436007278,Outlet Supervisor,Accor,posted,2026-07-08T09:21:06.045901,189
2dd2159c3052338b,https://az.linkedin.com/jobs/view/video-content-creator-at-step-it-academy-azerbaijan-4434837211,Video Content Creator,STEP IT Academy Azerbaijan,posted,2026-07-08T09:21:17.707405,191
61e4730dbbeb5b0f,https://az.linkedin.com/jobs/view/receptionist-at-pwc-azerbaijan-4435472744,Receptionist,PwC Azerbaijan,posted,2026-07-08T09:21:28.828739,193
f1894fd2682642d4,https://az.linkedin.com/jobs/view/senior-agri-food-logistics-cold-chain-expert-at-ntu-international-a-s-4436491772,Senior Agri-Food Logistics / Cold Chain Expert,,scraped,2026-07-08T09:21:33.477816,
f25e501daf13ab9b,https://az.linkedin.com/jobs/view/senior-python-data-scraping-engineer-freelance-at-mindrift-4436318185,Senior Python Data Scraping Engineer (Freelance),Mindrift,posted,2026-07-08T09:21:50.964844,195
b5f7401b1f648eed,https://az.linkedin.com/jobs/view/m%C3%BChasibat-%C3%BCzr%C9%99-ki%C3%A7ik-m%C3%BCt%C9%99x%C9%99ssis-at-enam-company-mmc-4434860145,Mühasibat üzrə Kiçik Mütəxəssis,ENAM Company MMC,posted,2026-07-08T16:18:55.392111,197
59faf008701e7e99,https://az.linkedin.com/jobs/view/tasar%C4%B1mc%C4%B1-4434562965,Tasarımcı,İdealmutfak,posted,2026-07-08T16:19:27.082860,199
e2b454a303ac554a,https://az.linkedin.com/jobs/view/t%C9%99hl%C3%BCk%C9%99sizliy%C9%99-n%C9%99zar%C9%99t-m%C9%99rk%C9%99zinin-apar%C4%B1c%C4%B1-analitiki-ba%C5%9F-analitiki-at-abb-4438156495,Təhlükəsizliyə nəzarət mərkəzinin aparıcı analitiki/ baş analitiki,,scraped,2026-07-08T16:19:29.801039,
f377e4237e4e5142,https://az.linkedin.com/jobs/view/texnologiya-v%C9%99-arxitektura-sah%C9%99sin%C9%99-platforma-m%C3%BCh%C9%99ndisliyi-%C3%BCzr%C9%99-apar%C4%B1c%C4%B1-ba%C5%9F-m%C3%BCt%C9%99x%C9%99ssis-at-abb-4438163552,Texnologiya və Arxitektura sahəsinə Platforma mühəndisliyi üzrə aparıcı/baş mütəxəssis,,scraped,2026-07-08T16:19:51.326085,
cd6a07907b6b5e07,https://az.linkedin.com/jobs/view/mi%C5%9Far-k%C9%99sim-operatoru-hac%C4%B1qabul-at-azerlime-llc-4438263096,Mişar Kəsim Operatoru (Hacıqabul),,scraped,2026-07-08T16:19:59.957182,
13dca76306d7f45f,https://az.linkedin.com/jobs/view/qa-engineer-payments-business-at-life-at-bir-4436526004,QA Engineer - Payments Business,,scraped,2026-07-08T16:20:12.303358,
ad74d30abd48b5f1,https://az.linkedin.com/jobs/view/instructor-for-inspection-ndt-overview-at-iss-international-spa-4437055266,"Instructor for ""Inspection & NDT overview""",,scraped,2026-07-08T16:20:23.569063,
19d1aabd382a5a74,https://az.linkedin.com/jobs/view/regional-hr-specialist-at-wolt-4426243236,Regional HR Specialist,,scraped,2026-07-08T16:20:42.682304,
69e65feffd76b271,https://az.linkedin.com/jobs/view/audit-senior-at-deloitte-4434853260,Audit Senior,Deloitte,posted,2026-07-08T16:21:02.523553,201
629dcda22fa4529a,https://az.linkedin.com/jobs/view/property-manager-at-as-group-career-4434843783,Property Manager,,scraped,2026-07-08T16:21:05.200894,
f2b215c2dd1ffe1d,https://az.linkedin.com/jobs/view/fleet-fuel-coordinator-intern-at-azex-trucking-4434854882,Fleet & fuel coordinator intern,AZEX Trucking,posted,2026-07-08T16:21:20.479011,203
1158cc5061180466,https://az.linkedin.com/jobs/view/sports-data-collector-football-mingachevir-azerbaijan-at-genius-sports-4426775999,"Sports Data Collector (Football) - Mingachevir, Azerbaijan",,scraped,2026-07-08T16:21:30.919655,
c326cdb1a76493b3,https://az.linkedin.com/jobs/view/technology-consulting-senior-manager-consulting-at-ey-4427336366,"Technology Consulting Senior Manager, Consulting",EY,posted,2026-07-08T16:21:48.779356,205
4803e4938bee41d1,https://az.linkedin.com/jobs/view/medical-insurens-4434817826,medical insurens,The State Agency on Mandatory Health Insurance,posted,2026-07-08T16:22:00.995394,207
4d063d6f3d1b090f,https://az.linkedin.com/jobs/view/audit-manager-audit-senior-manager-at-deloitte-4434852435,Audit Manager | Audit Senior Manager,Deloitte,posted,2026-07-08T16:22:14.996909,209
2e37009fd81bc126,https://az.linkedin.com/jobs/view/analyst-senior-analyst-associate-manager-marketing-analytics-bangkok-based-relocation-provided-at-agoda-4410546408,"Analyst/Senior Analyst/Associate Manager, Marketing Analytics (Bangkok Based, relocation provided)",Agoda,posted,2026-07-08T16:22:31.944025,211
1475353fa3666e54,https://az.linkedin.com/jobs/view/middle%2B-fullstack-qa-engineer-at-emerging-travel-group-4438289203,Middle+ Fullstack QA Engineer,Emerging Travel Group,posted,2026-07-08T21:54:25.027012,213
6ff939b7aafa2d9d,https://az.linkedin.com/jobs/view/senior-accountant-at-sigma-technical-services-llc-4434819774,Senior Accountant,Sigma Technical Services LLC,posted,2026-07-08T21:55:13.210150,215
a6a747f59f50c445,https://az.linkedin.com/jobs/view/middle%2B-ai-agentic-qa-automation-engineer-at-a1qa-4434828218,Middle+ AI Agentic QA Automation Engineer,a1qa,posted,2026-07-08T21:55:28.263924,217
9a08fbe8d228c99c,https://az.linkedin.com/jobs/view/tech-lead-at-xsolla-4348295391,Tech Lead,Xsolla,posted,2026-07-08T21:56:07.430264,219
80841aec9ba87c68,https://az.linkedin.com/jobs/view/senior-agricultural-insurance-and-rural-finance-expert-at-ntu-international-a-s-4436315305,Senior Agricultural Insurance and Rural Finance Expert,,scraped,2026-07-08T21:56:09.982144,
21e354ed915bd7b3,https://az.linkedin.com/jobs/view/consultant-software-asset-management-at-deloitte-4434863042,"Consultant, Software Asset Management",Deloitte,posted,2026-07-08T21:56:30.477366,221
8f3a2e9248474973,https://az.linkedin.com/jobs/view/lead-electrical-instrument-engineer-baku-expat-at-pd-ms-group-4431512153,Lead Electrical & Instrument Engineer (Baku Expat),,scraped,2026-07-08T21:56:33.197772,
e3c12f832cf6b56b,https://az.linkedin.com/jobs/view/mikro-kreditl%C9%99rin-monitorinqi-b%C3%B6lm%C9%99sinin-ba%C5%9F-m%C3%BCt%C9%99x%C9%99ssisi-apar%C4%B1c%C4%B1-m%C3%BCt%C9%99x%C9%99ssisi-at-unibank-4437308592,Mikro kreditlərin monitorinqi bölməsinin Baş Mütəxəssisi/Aparıcı Mütəxəssisi,,scraped,2026-07-09T10:34:38.593931,
81a205f720318432,https://az.linkedin.com/jobs/view/ba%C5%9F-m%C3%BCt%C9%99x%C9%99ssis-strateji-planla%C5%9Fd%C4%B1rma-v%C9%99-layih%C9%99l%C9%99rin-idar%C9%99olunmas%C4%B1-%C5%9F%C3%B6b%C9%99si-at-azergold-%E2%80%8B-cjsc-4435645235,Baş mütəxəssis / Strateji planlaşdırma və layihələrin idarəolunması şöbəsi,,scraped,2026-07-09T10:34:45.355099,
ed781b0a895b3b8f,https://az.linkedin.com/jobs/view/sektor-m%C3%BCdiri-daxili-n%C9%99zar%C9%99t-%C5%9F%C3%B6b%C9%99si-etika-v%C9%99-uy%C4%9Funluq-sektoru-at-azergold-%E2%80%8B-cjsc-4435640706,Sektor müdiri / Daxili Nəzarət Şöbəsi / Etika və uyğunluq sektoru,,scraped,2026-07-09T10:34:52.751800,
085e5baab8d6e726,https://az.linkedin.com/jobs/view/ba%C5%9F-m%C3%BCt%C9%99x%C9%99ssis-layih%C9%99nin-x%C9%99rcl%C9%99ri-riskl%C9%99ri-v%C9%99-hesabatlar%C4%B1-%C3%BCzr%C9%99-strateji-planla%C5%9Fd%C4%B1rma-v%C9%99-layih%C9%99l%C9%99rin-idar%C9%99olunmas%C4%B1-%C5%9F%C3%B6b%C9%99si-at-azergold-%E2%80%8B-cjsc-4435648091,"Baş mütəxəssis (Layihənin xərcləri, riskləri və hesabatları üzrə) / Strateji planlaşdırma və layihələrin idarəolunması şöbəsi",,scraped,2026-07-09T10:35:00.158791,
22bfbfa603673bfd,https://az.linkedin.com/jobs/view/ba%C5%9F-m%C3%BCt%C9%99x%C9%99ssis-strateji-planla%C5%9Fd%C4%B1rma-v%C9%99-layih%C9%99l%C9%99rin-idar%C9%99olunmas%C4%B1-%C5%9F%C3%B6b%C9%99si-at-azergold-%E2%80%8B-cjsc-4435628999,Baş mütəxəssis / Strateji planlaşdırma və layihələrin idarəolunması şöbəsi,,scraped,2026-07-09T10:35:07.481756,
d98a812d2e3c74f2,https://az.linkedin.com/jobs/view/ekvayrinq-partnyorlarla-i%CC%87%C5%9F-%C3%BCzr%C9%99-m%C3%BCt%C9%99x%C9%99ssis-at-unibank-4437307588,Ekvayrinq Partnyorlarla İş üzrə mütəxəssis,,scraped,2026-07-09T10:35:23.095321,
8a554016f1905166,https://az.linkedin.com/jobs/view/license-owner-operator-baku-at-stranger-soccer-4438195134,"License Owner / Operator, Baku",,scraped,2026-07-09T10:35:29.656914,
6deb693054c42723,https://az.linkedin.com/jobs/view/komplayens-departamentinin-komplayens-riskl%C9%99rinin-idar%C9%99-edilm%C9%99si-v%C9%99-monitorinq-%C5%9F%C3%B6b%C9%99sinin-m%C3%BCt%C9%99x%C9%99ssisi-apar%C4%B1c%C4%B1-m%C3%BCt%C9%99x%C9%99ssisi-at-life-at-bir-4436095630,Komplayens departamentinin Komplayens risklərinin idarə edilməsi və monitorinq şöbəsinin Mütəxəssisi/Aparıcı Mütəxəssisi,,scraped,2026-07-09T10:35:36.346705,
48f6cf6c96f94d86,https://az.linkedin.com/jobs/view/geotexnik-m%C3%BCh%C9%99ndisi-da%C4%9F-m%C9%99d%C9%99n-v%C9%99-emal-sah%C9%99l%C9%99rinin-idar%C9%99edilm%C9%99si-%C5%9F%C3%B6b%C9%99si-emal-sektoru-at-azergold-%E2%80%8B-cjsc-4435643318,Geotexnik mühəndisi / Dağ-mədən və emal sahələrinin idarəedilməsi şöbəsi / Emal sektoru,,scraped,2026-07-09T10:35:46.786321,
60018c454a271c7e,https://az.linkedin.com/jobs/view/s%C9%99t%C9%99m-%C3%BCzr%C9%99-m%C3%BCt%C9%99x%C9%99ssis-qeyri-filiz-yataqlar%C4%B1n%C4%B1n-istismar%C4%B1-idar%C9%99si-s%C9%99t%C9%99m-at-azergold-%E2%80%8B-cjsc-4435635895,SƏTƏM üzrə mütəxəssis / Qeyri-filiz yataqlarının istismarı idarəsi (SƏTƏM),,scraped,2026-07-09T10:35:56.059133,
d12992e02c8f1bf2,https://az.linkedin.com/jobs/view/b2b-sales-manager-at-ultra-technologies-4435641768,B2B sales manager,,scraped,2026-07-09T10:36:09.409466,
2211e393338ddb01,https://az.linkedin.com/jobs/view/sales-executive-at-arkas-logistics-4437796559,Sales Executive,Arkas Logistics,posted,2026-07-09T10:37:14.008120,223
04c15fb8ebe76558,https://az.linkedin.com/jobs/view/vi%CC%87p-m%C3%BC%C5%9Ft%C9%99ril%C9%99rl%C9%99-i%C5%9F-%C5%9F%C3%B6b%C9%99sinin-m%C3%BC%C5%9Ft%C9%99ri-meneceri-apar%C4%B1c%C4%B1-m%C3%BC%C5%9Ft%C9%99ri-meneceri-ba%C5%9F-m%C3%BC%C5%9Ft%C9%99ri-meneceri-at-abb-4438577958,VİP müştərilərlə iş şöbəsinin müştəri meneceri / aparıcı müştəri meneceri / baş müştəri meneceri,,scraped,2026-07-09T10:37:16.609551,
62dec9d83fd77131,https://az.linkedin.com/jobs/view/human-resources-coordinator-at-iota-group-4436363400,Human Resources Coordinator,,scraped,2026-07-09T10:37:23.256581,
768c44dcdc0ad9bb,https://az.linkedin.com/jobs/view/respect-solutions-komandas%C4%B1na-data-analitik-axtar%C4%B1r%C4%B1q-at-respect-solutions-4435645993,Respect Solutions komandasına Data Analitik axtarırıq.,,scraped,2026-07-09T10:37:32.293817,
f77857053bde4e95,https://az.linkedin.com/jobs/view/bms-technician-at-gen-pharma-caucasus-manufacturing-operations-4432766763,BMS Technician,GEN PHARMA CAUCASUS MANUFACTURING OPERATIONS,posted,2026-07-09T10:38:19.475928,225
c12462a0fe19fc21,https://az.linkedin.com/jobs/view/senior-python-data-scraping-engineer-freelance-at-mindrift-4438599697,Senior Python Data Scraping Engineer (Freelance),Mindrift,posted,2026-07-09T10:38:24.308585,195
31397092e967124d,https://az.linkedin.com/jobs/view/senior-cyber-fraud-prevention-specialist-at-life-at-bir-4435628763,Senior Cyber Fraud Prevention Specialist,,scraped,2026-07-09T10:38:28.717419,
2647231ce75e81fb,https://az.linkedin.com/jobs/view/onshore-package-hse-lead-at-airswift-4434841683,Onshore package HSE Lead,Airswift,posted,2026-07-09T10:38:44.273522,227
a8109cf51a8004d8,https://az.linkedin.com/jobs/view/kurdish-language-expert-remote-at-yo-it-consulting-4435720321,Kurdish Language Expert - Remote,,scraped,2026-07-09T10:38:52.929758,
e846677055f88568,https://az.linkedin.com/jobs/view/senior-agricultural-statistics-expert-at-ntu-international-a-s-4437761723,Senior Agricultural Statistics Expert,,scraped,2026-07-09T10:39:03.361083,
42f5c0f088fdd988,https://az.linkedin.com/jobs/view/senior-survey-methodology-expert-at-ntu-international-a-s-4437824179,Senior Survey Methodology Expert,,scraped,2026-07-09T10:39:10.724199,
a9ef942da361e567,https://az.linkedin.com/jobs/view/senior-backend-engineer-at-tabby-%D8%AA%D8%A7%D8%A8%D9%8A-4418930551,Senior Backend Engineer,,scraped,2026-07-09T10:39:18.017783,
ec518b26dd78465b,https://az.linkedin.com/jobs/view/senior-qa-automation-engineer-at-a1qa-4434831539,Senior QA Automation Engineer,a1qa,posted,2026-07-09T10:39:33.827994,229
42b32f143c40ab75,https://az.linkedin.com/jobs/view/bartender-at-the-merchant-baku-4435673821,Bartender,The Merchant Baku,posted,2026-07-09T18:31:39.613691,231
6531981d8c53793a,https://az.linkedin.com/jobs/view/customer-relationship-management-administrator-at-group-of-companies-at-baku-city-residences-4435669694,Customer Relationship Management Administrator,Group of Companies at Baku City Residences,posted,2026-07-09T18:31:56.646162,233
12bd4fabfbd5f13c,https://az.linkedin.com/jobs/view/warehouse-specialist-at-gen-pharma-caucasus-manufacturing-operations-4435659873,Warehouse Specialist,GEN PHARMA CAUCASUS MANUFACTURING OPERATIONS,posted,2026-07-09T18:32:14.521370,235
d88ec70fb6ec0972,https://az.linkedin.com/jobs/view/operation-coordinator-at-aceolution-4437548540,Operation Coordinator,Aceolution,posted,2026-07-09T18:32:28.877328,237
fe2888c411374ec0,https://az.linkedin.com/jobs/view/xidm%C9%99t-b%C3%B6lm%C9%99sinin-ki%C3%A7ik-eksperti-at-bank-of-baku-ojsc-4433790698,Xidmət bölməsinin kiçik eksperti,,scraped,2026-07-09T18:32:35.568083,
22adec2021cd2dbe,https://az.linkedin.com/jobs/view/support-associate-full-time-at-wolt-4436019683,Support Associate - Full time,,scraped,2026-07-09T18:32:47.633327,
24bd161e84c9115b,https://az.linkedin.com/jobs/view/copywriter-at-frazex-4435669315,Copywriter,,scraped,2026-07-09T18:32:57.254215,
cc71f4cafb7c46d1,https://az.linkedin.com/jobs/view/head-of-the-landscaping-division-ya%C5%9F%C4%B1lla%C5%9Fd%C4%B1rma-%C3%BCzr%C9%99-%C5%9F%C3%B6b%C9%99-m%C3%BCdiri-at-foton-llc-4436302370,Head of the Landscaping Division(Yaşıllaşdırma üzrə şöbə müdiri),FOTON LLC,posted,2026-07-09T18:33:29.769270,239
39384a63479615e3,https://az.linkedin.com/jobs/view/accounting-specialist-receivables-at-avis-azerbaijan-4413039806,Accounting Specialist - Receivables,,scraped,2026-07-09T18:33:34.353127,
74b6a9271a8eb3f8,https://az.linkedin.com/jobs/view/instructor-for-fitness-for-service-api-579-overview-at-iss-international-spa-4437063212,"Instructor for ""Fitness for service (API 579) overview""",,scraped,2026-07-09T18:33:41.371608,
d6803d8a9a6ce63f,https://az.linkedin.com/jobs/view/auto-body-technician-at-gerber-collision-glass-4436849538,Auto Body Technician,Gerber Collision & Glass,posted,2026-07-09T18:34:08.170296,241
1e8d9ba2181b19b7,https://az.linkedin.com/jobs/view/instructor-for-regulatory-compliance-hse-api-at-iss-international-spa-4437068212,"Instructor for ""Regulatory & Compliance (HSE/API)""",,scraped,2026-07-09T18:34:12.782462,
72b55d0298649e6a,https://az.linkedin.com/jobs/view/financial-analyst-intern-at-montfortlab-4435608124,Financial Analyst Intern,Montfortlab,posted,2026-07-09T18:34:44.979787,243
c8a9b332b7c4b76a,https://az.linkedin.com/jobs/view/warehouse-operator-at-gen-pharma-caucasus-manufacturing-operations-4435664726,Warehouse Operator,GEN PHARMA CAUCASUS MANUFACTURING OPERATIONS,posted,2026-07-09T18:35:07.892307,245
10b21aac3395ece1,https://az.linkedin.com/jobs/view/business-analyst-intern-at-montfortlab-4435670127,Business Analyst Intern,Montfortlab,posted,2026-07-09T18:35:35.537821,247
9e43536881d7b13e,https://az.linkedin.com/jobs/view/instructor-for-rbi-api-580-581-overview-at-iss-international-spa-4437048679,"Instructor for ""RBI (API 580/581) overview""",,scraped,2026-07-09T18:35:38.217087,
0f8b3ccee6399609,https://az.linkedin.com/jobs/view/torna%C3%A7%C4%B1-at-metak-llc-4437922488,Tornaçı,METAK LLC,posted,2026-07-09T23:58:33.902110,249
a49bc4890030d1d5,https://az.linkedin.com/jobs/view/f%C9%99hl%C9%99-at-metak-llc-4437903971,Fəhlə,METAK LLC,posted,2026-07-09T23:58:58.232981,251
7d55df4392a0b5be,https://az.linkedin.com/jobs/view/yar%C4%B1mavtomat-qaynaq%C3%A7%C4%B1s%C4%B1-hac%C4%B1qabul-at-azerlime-llc-4438255400,Yarımavtomat qaynaqçısı (Hacıqabul),,scraped,2026-07-09T23:59:26.610085,
b93d1489c49c0b1b,https://az.linkedin.com/jobs/view/director-at-capital-com-4396348439,Director,,scraped,2026-07-09T23:59:32.692436,
11cd6bf1cc845649,https://az.linkedin.com/jobs/view/sayt-etibarl%C4%B1l%C4%B1%C4%9F%C4%B1-m%C3%BCh%C9%99ndisliyi-%C3%BCzr%C9%99-ba%C5%9F-m%C3%BCh%C9%99ndis-at-abb-4427910603,Sayt etibarlılığı mühəndisliyi üzrə baş mühəndis,,scraped,2026-07-10T00:00:03.876509,
76f15ce95e66014b,https://az.linkedin.com/jobs/view/senior-project-manager-at-pd-ms-group-4433140979,Senior Project Manager,,scraped,2026-07-10T00:00:14.521802,
a1abcb67528999be,https://az.linkedin.com/jobs/view/penetration-tester-4435692825,Penetration Tester,,posted,2026-07-10T00:00:52.198848,253
b922e0f2a14d263f,https://az.linkedin.com/jobs/view/sat%C4%B1%C5%9F-eleman%C4%B1-at-mi%CC%87l-agency-4313232574,Satış Elemanı,MİL Agency,posted,2026-07-10T00:01:04.192002,255
bcca4bb16c65f1a3,https://az.linkedin.com/jobs/view/forward-deployed-engineer-at-wonderful-4435911098,Forward Deployed Engineer,,scraped,2026-07-10T00:01:10.834820,
959b487b28bf4151,https://az.linkedin.com/jobs/view/junior-application-security-specialist-at-xsolla-4434522887,Junior Application Security Specialist,Xsolla,posted,2026-07-10T00:01:29.986158,257
b541c48a835fb5ae,https://az.linkedin.com/jobs/view/kiber-h%C3%BCcumlar%C4%B1n-simulyasiyas%C4%B1-%C3%BCzr%C9%99-ba%C5%9F-m%C3%BCt%C9%99x%C9%99ssis-at-abb-4438621485,Kiber hücumların simulyasiyası üzrə baş mütəxəssis,,scraped,2026-07-10T00:01:32.605653,
cf7993b4bd40801f,https://az.linkedin.com/jobs/view/lead-instrument-engineer-at-wood-4438663360,Lead Instrument Engineer,Wood,posted,2026-07-10T00:03:01.210695,259
b85178372187ad79,https://az.linkedin.com/jobs/view/senior-backend-developer-golang-it-hybrid-at-azercell-telecom-llc-4436539075,Senior Backend Developer (Golang) - IT/Hybrid,,scraped,2026-07-10T00:03:03.818630,
be265929f95c37d0,https://az.linkedin.com/jobs/view/ba%C5%9F-m%C3%BCt%C9%99x%C9%99ssis-strateji-planla%C5%9Fd%C4%B1rma-v%C9%99-layih%C9%99l%C9%99rin-idar%C9%99olunmas%C4%B1-%C5%9F%C3%B6b%C9%99si-at-azergold-%E2%80%8B-cjsc-4435947852,Baş mütəxəssis / Strateji planlaşdırma və layihələrin idarəolunması şöbəsi,,scraped,2026-07-10T11:26:58.285036,
17850dd0bc4e26ac,https://az.linkedin.com/jobs/view/maliyy%C9%99-hesabatl%C4%B1%C4%9F%C4%B1-v%C9%99-m%C3%BChasibatl%C4%B1q-departamentinin-daxili-m%C3%BChasibatl%C4%B1q-%C5%9F%C3%B6b%C9%99sinin-m%C3%BCt%C9%99x%C9%99ssisi-at-life-at-bir-4436828581,Maliyyə hesabatlığı və mühasibatlıq departamentinin Daxili mühasibatlıq şöbəsinin mütəxəssisi,,scraped,2026-07-10T11:27:09.717233,
aa12979d074d6ca0,https://az.linkedin.com/jobs/view/s%C9%99t%C9%99m-%C3%BCzr%C9%99-m%C3%BCh%C9%99ndis-qeyri-filiz-yataqlar%C4%B1n%C4%B1n-istismar%C4%B1-idar%C9%99si-s%C9%99t%C9%99m-at-azergold-%E2%80%8B-cjsc-4435647115,SƏTƏM üzrə mühəndis / Qeyri-filiz yataqlarının istismarı idarəsi (SƏTƏM),,scraped,2026-07-10T11:27:16.390853,
facbec4061b70b3e,https://az.linkedin.com/jobs/view/%C5%9F%C9%99b%C9%99k%C9%99-%C9%99m%C9%99liyyatlar%C4%B1-b%C3%B6lm%C9%99sinin-m%C3%BCt%C9%99x%C9%99ssisi-at-unibank-4437319271,Şəbəkə Əməliyyatları Bölməsinin Mütəxəssisi,,scraped,2026-07-10T11:27:23.731389,
32f5f0d96962c17f,https://az.linkedin.com/jobs/view/%C5%9Firvan-filial%C4%B1-%C3%BCzr%C9%99-problemli-kredit-m%C3%BCt%C9%99x%C9%99ssisi-at-rabitabank-ojsc-4437965476,Şirvan filialı üzrə Problemli kredit mütəxəssisi,,scraped,2026-07-10T11:27:40.351421,
9391ac70bd39bcca,https://az.linkedin.com/jobs/view/content-support-specialist-at-emerging-travel-group-4438660698,Content Support Specialist,Emerging Travel Group,posted,2026-07-10T11:28:05.028202,261
7ee4d9d64dabf93b,https://az.linkedin.com/jobs/view/junior-electrical-design-engineer-elv-design-department-at-portbim-4435977469,Junior Electrical Design Engineer (ELV) - Design Department,,scraped,2026-07-10T11:28:07.623938,
adeba245f283c2cf,https://az.linkedin.com/jobs/view/torna%C3%A7%C4%B1-hac%C4%B1qabul-at-azerlime-llc-4438258360,Tornaçı (Hacıqabul),,scraped,2026-07-10T11:28:15.038621,
f8a5a1b21eef8eaa,https://az.linkedin.com/jobs/view/data-analyst-ecosystem-development-and-analytics-department-at-life-at-bir-4437583489,Data Analyst - Ecosystem development and analytics department,,scraped,2026-07-10T11:28:20.980727,
9a6c55520779c385,https://az.linkedin.com/jobs/view/enterprise-ai-architect-at-pasha-holding-llc-4437797874,Enterprise AI Architect,,scraped,2026-07-10T11:28:27.631596,
f729666503c667a7,https://az.linkedin.com/jobs/view/lead-specialist-of-learning-and-development-at-life-at-bir-4435467768,Lead Specialist of Learning and Development,,scraped,2026-07-10T11:28:34.697183,
8e034af5a31cb441,https://az.linkedin.com/jobs/view/fcc-operator-at-smart-solutions-group-4439026384,FCC Operator,,scraped,2026-07-10T11:28:43.265068,
c5e3fc7b4378e538,https://az.linkedin.com/jobs/view/driving-range-supervisor-at-azersun-holding-4433928154,Driving Range Supervisor,,scraped,2026-07-10T11:28:50.685831,
87d22a5061e74f2e,https://az.linkedin.com/jobs/view/accountant-at-talent-hunt-4435669599,Accountant,Talent Hunt,posted,2026-07-10T11:29:17.915291,263
6fd2765fcefc1d6a,https://az.linkedin.com/jobs/view/sales-marketing-manager-at-hotels-group-4435940922,Sales Marketing Manager,Hotels Group,posted,2026-07-10T11:29:34.196331,265
213418d2eb3f8617,https://az.linkedin.com/jobs/view/kalite-i%CC%87%C5%9F-sa%C4%9Fl%C4%B1%C4%9F%C4%B1-g%C3%BCvenli%C4%9Fi-ve-%C3%A7evre-qhse-uzman%C4%B1-at-freyssinet-azerbaijan-llc-4435945661,"Kalite, İş Sağlığı Güvenliği ve Çevre (QHSE) Uzmanı",,scraped,2026-07-10T11:29:36.800858,
128bc24645736017,https://az.linkedin.com/jobs/view/fit-out-i%CC%87%C5%9Fl%C9%99ri-%C3%BCzr%C9%99-keyfiyy%C9%99t%C9%99-n%C9%99zar%C9%99t-m%C3%BCh%C9%99ndisi-at-sea-breeze-careers-4435977355,Fit-Out İşləri üzrə Keyfiyyətə Nəzarət Mühəndisi,Sea Breeze Careers,posted,2026-07-10T11:29:50.861348,267
b40bbb09c64ac484,https://az.linkedin.com/jobs/view/m%C3%BC%C5%9Ft%C9%99ri-%C9%99laq%C9%99l%C9%99rinin-i%CC%87dar%C9%99-edilm%C9%99si-m%C9%99rk%C9%99zind%C9%99-m%C3%BCt%C9%99x%C9%99ssis-call-center-at-azerturkbank-4437964926,Müştəri Əlaqələrinin İdarə Edilməsi Mərkəzində mütəxəssis (call center),,scraped,2026-07-10T11:29:55.394953,
4916c99d8666c6f5,https://az.linkedin.com/jobs/view/junior-senior-electrical-engineer-at-tekfen-engineering-4437383783,Junior & Senior Electrical Engineer,Tekfen Engineering,posted,2026-07-10T11:30:25.162289,269
2f3f5459806a2695,https://az.linkedin.com/jobs/view/m%C3%BCst%C9%99qil-b2b-sat%C4%B1%C5%9F-t%C9%99r%C9%99fda%C5%9F%C4%B1-i%CC%87lk-layih%C9%99d%C9%99-50%25-komissiya-at-creamaxi-dijital-4435693222,Müstəqil B2B Satış Tərəfdaşı | İlk Layihədə 50% Komissiya,,scraped,2026-07-10T11:30:27.835530,
f913514000bb877a,https://az.linkedin.com/jobs/view/senior-analyst-associate-manager-marketing-strategy-bangkok-based-relocation-provided-at-agoda-4410537793,"Senior Analyst/ Associate Manager, Marketing Strategy (Bangkok based/ Relocation provided)",Agoda,posted,2026-07-10T11:30:46.981359,271
1001ef39fa4116d9,https://az.linkedin.com/jobs/view/marketing-manager-cis-at-binance-4408990704,Marketing Manager - CIS,Binance,posted,2026-07-10T11:31:24.710975,273
6c3bda59ba3591d2,https://az.linkedin.com/jobs/view/infrastructure-identity-security-architect-at-life-at-bir-4437953641,Infrastructure & Identity Security Architect,,scraped,2026-07-10T11:31:35.365013,
bb585364ab1afb06,https://az.linkedin.com/jobs/view/n%C9%99qliyyat-m%C3%BCt%C9%99x%C9%99ssisi-at-veyseloglu-llc-4438335240,Nəqliyyat Mütəxəssisi,,scraped,2026-07-10T18:13:28.374321,
7a2082d495951aca,https://az.linkedin.com/jobs/view/fortinet-product-manager-at-muk-4436035890,Fortinet Product Manager,,scraped,2026-07-10T18:13:47.411667,
ec90b14af737c861,https://az.linkedin.com/jobs/view/at-your-service-agent-local-at-marriott-international-4437913606,At Your Service Agent (Local),Marriott International,posted,2026-07-10T18:14:21.861367,275
8998262792386899,https://az.linkedin.com/jobs/view/ap-accountant-at-baker-hughes-4439082827,AP Accountant,Baker Hughes,posted,2026-07-10T18:14:40.623581,277
0209959bc7cb1b7b,https://az.linkedin.com/jobs/view/group-financial-controller-at-tribu-search-4437071284,Group Financial Controller,,scraped,2026-07-10T18:14:47.223008,
873590959fb8c6b0,https://az.linkedin.com/jobs/view/network-intern-at-life-at-bir-4437995619,Network Intern,,scraped,2026-07-10T18:14:59.440142,
cbf8b8ce015d5b10,https://az.linkedin.com/jobs/view/%C9%99m%C9%99liyyat-b%C3%B6lm%C9%99sinin-ki%C3%A7ik-eksperti-at-bank-of-baku-ojsc-4435995772,Əməliyyat bölməsinin kiçik eksperti,,scraped,2026-07-10T18:15:06.186031,
59268052bea175c3,https://az.linkedin.com/jobs/view/erp-specialist-at-metak-llc-4437925166,ERP specialist,METAK LLC,posted,2026-07-10T18:15:47.576421,279
37db847b8efd4087,https://az.linkedin.com/jobs/view/head-of-bid-management-at-tav-technologies-4435994051,Head of Bid Management,,scraped,2026-07-10T18:15:50.247305,
23905af9178f5fe5,https://az.linkedin.com/jobs/view/sosial-media-marketinq-menecer-at-iomedia-4434833678,Sosial Media Marketinq Menecer,,scraped,2026-07-10T18:16:06.621234,
c7e4363709df560d,https://az.linkedin.com/jobs/view/regional-sales-manager-at-palo-alto-networks-4399527871,Regional Sales Manager,Palo Alto Networks,posted,2026-07-10T18:16:33.665508,281
dbb174ce683df428,https://az.linkedin.com/jobs/view/turkish-to-english-medical-interpreter-at-private-sector-4439077558,Turkish to English Medical Interpreter,Private sector,posted,2026-07-10T18:16:46.926068,283
a09c169c4c8a745b,https://az.linkedin.com/jobs/view/t%C9%99cr%C3%BCb%C9%99li-h%C9%99kiml%C9%99r-axtarilir%21-at-bioloji-t%C9%99bab%C9%99t-i%CC%87nteqrativ-m%C3%BCalic%C9%99-m%C9%99rk%C9%99zi-4439089029,TƏCRÜBƏLI HƏKIMLƏR AXTARILIR!,,scraped,2026-07-10T18:16:53.463074,
27f404e949e9c18f,https://az.linkedin.com/jobs/view/digital-marketing-intern-at-montfortlab-4435955660,Digital Marketing Intern,Montfortlab,posted,2026-07-10T18:17:17.545544,82
4d9f3ad5bcf223d9,https://az.linkedin.com/jobs/view/%C3%BCmumi-audit-%C5%9F%C3%B6b%C9%99sinin-ki%C3%A7ik-auditoru-at-bank-of-baku-ojsc-4436606652,Ümumi audit şöbəsinin kiçik auditoru,,scraped,2026-07-10T18:17:26.119539,
459c5858833f3d85,https://az.linkedin.com/jobs/view/business-development-manager-for-international-student-recruitment-at-global-university-systems-4402272501,Business Development Manager for International Student Recruitment,,scraped,2026-07-10T18:17:34.263150,
8dcdf241253de97c,https://az.linkedin.com/jobs/view/adra-n%C4%B1n-sabah-qruplar%C4%B1nda-2022-2023-c%C3%BC-t%C9%99dris-ilinin-pay%C4%B1z-semestrind%C9%99-vakant-yerl%C9%99r-%C3%BC%C3%A7%C3%BCn-m%C3%BCsabiq%C9%99-elan-olunur-at-azerbaijan-state-academy-of-fine-arts-4439335102,ADRA-nın SABAH qruplarında 2022/2023-cü tədris ilinin payız semestrində vakant yerlər üçün müsabiqə elan olunur.,Azerbaijan State Academy of Fine Arts,posted,2026-07-10T18:18:17.664209,285
89dc9b8dab1813b0,https://az.linkedin.com/jobs/view/back-office-compliance-executive-at-aceolution-4436094268,Back Office / Compliance Executive,Aceolution,posted,2026-07-10T18:18:35.505828,287
3036ca0ba62a3a22,https://az.linkedin.com/jobs/view/sabah-qruplar%C4%B1na-2023-2024-c%C3%BC-t%C9%99dris-ili-%C3%BC%C3%A7%C3%BCn-imtahan-tarixi-t%C9%99yin-olundu%21-at-azerbaijan-state-academy-of-fine-arts-4439314902,SABAH qruplarına 2023/2024-cü tədris ili üçün imtahan tarixi təyin olundu!,Azerbaijan State Academy of Fine Arts,posted,2026-07-10T18:18:59.104672,289
bc8f489ec1312a09,https://az.linkedin.com/jobs/view/doktorantura-v%C9%99-dissertanturaya-s%C9%99n%C9%99d-q%C9%99bulu-at-azerbaijan-state-academy-of-fine-arts-4439335098,Doktorantura və Dissertanturaya sənəd qəbulu.,Azerbaijan State Academy of Fine Arts,posted,2026-07-10T18:19:19.057850,291
04fa83321ccdca4f,https://az.linkedin.com/jobs/view/producer-at-euronews-4435980560,Producer,,scraped,2026-07-10T18:19:29.740973,
f1e5a613e91ab0c0,https://az.linkedin.com/jobs/view/korporativ-h%C3%BCquq-%C5%9F%C3%B6b%C9%99sinin-h%C3%BCquq%C5%9F%C3%BCnas%C4%B1-at-unibank-4437917528,Korporativ hüquq şöbəsinin Hüquqşünası,,scraped,2026-07-10T23:37:08.683213,
a46cc244a1935478,https://az.linkedin.com/jobs/view/middle-senior-product-owner-at-afeagroup-4435680438,Middle/Senior Product Owner,AfeaGroup,posted,2026-07-10T23:37:45.349047,293
6bf9260606cd6f73,https://az.linkedin.com/jobs/view/business-development-manager-for-international-student-recruitment-at-global-university-systems-4439058511,Business Development Manager for International Student Recruitment,,scraped,2026-07-10T23:37:57.979071,
6021f3ad4bd5fcbc,https://az.linkedin.com/jobs/view/middle-c%23-developer-design-development-department-at-portbim-4435971587,Middle C# Developer - Design Development Department,,scraped,2026-07-10T23:38:24.562529,
13a8b6cda3b2fc3c,https://az.linkedin.com/jobs/view/business-analyst-sustainability-at-deloitte-4435942736,"Business Analyst, Sustainability",Deloitte,posted,2026-07-10T23:38:54.517749,295
a30750be0a981be0,https://az.linkedin.com/jobs/view/creative-content-manager-at-mediagraph-4435977322,Creative Content Manager,Mediagraph,posted,2026-07-10T23:39:21.395390,297
a5cd0de1a418dabb,https://az.linkedin.com/jobs/view/mathematics-teacher-at-sabis%C2%AE-sun-international-school-%E2%80%94-baku-4439309967,Mathematics Teacher,SABIS® SUN International School — Baku,posted,2026-07-10T23:39:43.041121,299
2c01839e1eb8e01d,https://az.linkedin.com/jobs/view/avigilon-business-development-manager-at-muk-4437984137,Avigilon Business Development Manager,,scraped,2026-07-10T23:39:47.692349,
837400ddee14eaff,https://az.linkedin.com/jobs/view/site-supervisor-at-w%C3%A4rtsil%C3%A4-4438663166,Site supervisor,,scraped,2026-07-10T23:39:58.182323,
6384b922a1099eb5,https://az.linkedin.com/jobs/view/yar%C4%B1mavtomat-qaynaq%C3%A7%C4%B1s%C4%B1-hac%C4%B1qabul-at-azerlime-llc-4438258360,Yarımavtomat qaynaqçısı (Hacıqabul),,scraped,2026-07-10T23:40:08.564788,
364774caa49c6b46,https://az.linkedin.com/jobs/view/software-engineer-intern-at-prepare-sh-4439357846,Software Engineer Intern,Prepare.sh,posted,2026-07-10T23:40:41.727262,301
4675d55fd6660be9,https://az.linkedin.com/jobs/view/bankdaxili-sisteml%C9%99r-b%C3%B6lm%C9%99sinin-ki%C3%A7ik-ekspert-at-bank-of-baku-ojsc-4435991923,Bankdaxili sistemlər bölməsinin kiçik ekspert,,scraped,2026-07-10T23:40:46.264548,
003807559fce2b4d,https://az.linkedin.com/jobs/view/r%C9%99q%C9%99msal-hard-collection-qrupunun-m%C3%BCt%C9%99x%C9%99ssisi-at-pasha-bank-ojsc-4435988419,Rəqəmsal hard collection qrupunun mütəxəssisi,PASHA Bank OJSC,posted,2026-07-10T23:41:30.833505,303
96385da935f9eea8,https://az.linkedin.com/jobs/view/adra-n%C4%B1n-sabah-qruplar%C4%B1nda-2022-2023-c%C3%BC-t%C9%99dris-ilinin-pay%C4%B1z-semestrind%C9%99-m%C3%BC%C9%99llim-q%C9%99bulu-%C3%BCzr%C9%99-son-qeydiyyat-tarixi-27-06-2022-saat-00-00-d%C9%99k-uzad%C4%B1ld%C4%B1-at-azerbaijan-state-academy-of-fine-arts-4439318621,ADRA-nın SABAH qruplarında 2022/2023-cü tədris ilinin payız semestrində müəllim qəbulu üzrə son qeydiyyat tarixi 27.06.2022 saat 00:00-dək uzadıldı.,Azerbaijan State Academy of Fine Arts,posted,2026-07-10T23:41:53.954271,305
044f1221610ad0dd,https://az.linkedin.com/jobs/view/sat%C4%B1%C5%9F-meneceri-at-azfilter-llc-sherin-group-4436610795,Satış meneceri,,scraped,2026-07-10T23:41:58.535788,
e846259602182402,https://az.linkedin.com/jobs/view/analyst-senior-analyst-b2b-digital-marketing-bangkok-based-relocation-provided-at-agoda-4420285521,"Analyst/Senior Analyst, B2B Digital Marketing (Bangkok Based, relocation provided)",Agoda,posted,2026-07-10T23:42:25.113116,307
8584fcb51d73b103,https://az.linkedin.com/jobs/view/senior-analyst-app-marketing-bangkok-based-relocation-provided-at-agoda-4410549142,"Senior Analyst, App Marketing (Bangkok Based, Relocation Provided)",Agoda,posted,2026-07-10T23:42:42.427346,309
00a2c79c4c2a7564,https://az.linkedin.com/jobs/view/senior-electrical-design-engineer-design-department-at-portbim-4435974580,Senior Electrical Design Engineer - Design Department,,scraped,2026-07-10T23:42:45.005140,
a0e669868c5d1db2,https://az.linkedin.com/jobs/view/intern-c%23-developer-design-development-department-at-portbim-4435980445,Intern C# Developer - Design Development Department,,scraped,2026-07-10T23:42:52.597838,
5851a2b3f4f56893,https://az.linkedin.com/jobs/view/associate-manager-marketing-strategy-bangkok-based-relocation-provided-at-agoda-4410540800,"Associate Manager, Marketing Strategy (Bangkok Based, relocation provided)",Agoda,posted,2026-07-10T23:43:36.841236,311
3f91b2103d393d83,https://az.linkedin.com/jobs/view/analyst-senior-analyst-pricing-marketing-bangkok-based-relocation-provided-at-agoda-4410539672,"Analyst/ Senior Analyst, Pricing Marketing (Bangkok Based, relocation provided)",Agoda,posted,2026-07-10T23:44:03.266672,313
ad8aac2c8bf686ac,https://az.linkedin.com/jobs/view/baker-local-at-the-ritz-carlton-hotel-company-l-l-c-4438906287,Baker (Local),"The Ritz-Carlton Hotel Company, L.L.C.",posted,2026-07-11T07:26:41.234426,315
67f05b7861a8e308,https://az.linkedin.com/jobs/view/field-svc-spec-ii-at-mypetrocareer-com-4436636633,"Field Svc Spec, II",,scraped,2026-07-11T07:27:01.938032,
955f1c8043b932fc,https://az.linkedin.com/jobs/view/group-sales-manager-at-the-ritz-carlton-hotel-company-l-l-c-4438394916,Group Sales Manager,"The Ritz-Carlton Hotel Company, L.L.C.",posted,2026-07-11T07:27:21.886863,317
606b37848fdd4b99,https://az.linkedin.com/jobs/view/it-telecom-helpdesk-agent-at-smart-solutions-group-4436957915,IT/ Telecom Helpdesk Agent,,scraped,2026-07-11T07:27:50.681420,
2e090a9cd24ca752,https://az.linkedin.com/jobs/view/korporativ-m%C3%BC%C5%9Ft%C9%99ril%C9%99r%C9%99-xidm%C9%99t-m%C3%BCt%C9%99x%C9%99ssis-apar%C4%B1c%C4%B1-m%C3%BCt%C9%99x%C9%99ssis-at-expressbank-4435985809,Korporativ müştərilərə xidmət (mütəxəssis/aparıcı mütəxəssis),,scraped,2026-07-11T07:28:00.256113,
5cec4dcf3fcc9216,https://az.linkedin.com/jobs/view/corporate-marketing-specialist-marketing-at-portbim-4435976502,Corporate Marketing Specialist - Marketing,,scraped,2026-07-11T07:28:16.907946,
ff82d5d1be83beaa,https://az.linkedin.com/jobs/view/data-m%C3%BCh%C9%99ndisliyi-%C3%BCzr%C9%99-menecer-at-veyseloglu-llc-4438904641,Data Mühəndisliyi üzrə Menecer,,scraped,2026-07-11T07:28:24.599407,
b31c3b697f1a7f4f,https://az.linkedin.com/jobs/view/onlayn-bank%C3%A7%C4%B1l%C4%B1q-%C5%9F%C3%B6b%C9%99sinin-eksperti-at-bank-of-baku-ojsc-4435990974,Onlayn bankçılıq şöbəsinin eksperti,,scraped,2026-07-11T07:29:11.565757,
e937ea881ca5a55f,https://az.linkedin.com/jobs/view/t%C9%99krar-ali%CC%87-t%C9%99hsi%CC%87l-almaq-i%CC%87st%C9%99y%C9%99nl%C9%99ri%CC%87n-n%C9%99z%C9%99ri%CC%87n%C9%99%21-at-azerbaijan-state-academy-of-fine-arts-4439318619,TƏKRAR ALİ TƏHSİL ALMAQ İSTƏYƏNLƏRİN NƏZƏRİNƏ!,Azerbaijan State Academy of Fine Arts,posted,2026-07-11T07:29:33.144896,319
3a98661aff67987b,https://az.linkedin.com/jobs/view/business-operations-team-lead-at-afeagroup-4435988036,Business Operations Team Lead,AfeaGroup,posted,2026-07-11T07:29:48.063429,321
23a52d4e552d817b,https://az.linkedin.com/jobs/view/%C9%99cn%C9%99bi-t%C9%99l%C9%99b%C9%99l%C9%99rin-n%C9%99z%C9%99rin%C9%99-%21-at-azerbaijan-state-academy-of-fine-arts-4439315908,Əcnəbi tələbələrin nəzərinə !,Azerbaijan State Academy of Fine Arts,posted,2026-07-11T07:29:58.825590,323
44d170a32966f804,https://az.linkedin.com/jobs/view/apar%C4%B1c%C4%B1-m%C3%BCt%C9%99x%C9%99ssis-maliyy%C9%99-%C5%9F%C3%B6b%C9%99si-maliyy%C9%99-planla%C5%9Fd%C4%B1r%C4%B1lmas%C4%B1-v%C9%99-investisiya-layih%C9%99l%C9%99rinin-qiym%C9%99tl%C9%99ndirilm%C9%99si-sektoru-at-azergold-%E2%80%8B-cjsc-4435950793,Aparıcı mütəxəssis / Maliyyə şöbəsi / Maliyyə planlaşdırılması və investisiya layihələrinin qiymətləndirilməsi sektoru,,scraped,2026-07-11T07:30:01.636699,
fb7993014b31b415,https://az.linkedin.com/jobs/view/dissertasiya-at-azerbaijan-state-academy-of-fine-arts-4439312930,DISSERTASIYA,Azerbaijan State Academy of Fine Arts,posted,2026-07-11T07:30:20.063686,325
466f28aab9d7e978,https://az.linkedin.com/jobs/view/kindergarten-teacher-at-sabis%C2%AE-sun-international-school-%E2%80%94-baku-4439318458,Kindergarten Teacher,SABIS® SUN International School — Baku,posted,2026-07-11T11:37:40.862658,327
59c711e620ee01a6,https://az.linkedin.com/jobs/view/biology-chemistry-and-science-teacher-at-sabis%C2%AE-sun-international-school-%E2%80%94-baku-4439320331,"Biology, Chemistry, and Science Teacher",SABIS® SUN International School — Baku,posted,2026-07-11T11:38:09.551823,329
1258b35b93f8b4fe,https://az.linkedin.com/jobs/view/accountant-at-smart-solutions-group-4436956946,Accountant,,scraped,2026-07-11T11:38:24.205278,
d53435196dd0f478,https://az.linkedin.com/jobs/view/kart-m%C9%99hsullar%C4%B1-v%C9%99-xidm%C9%99tl%C9%99rinin-inki%C5%9Faf%C4%B1-%C5%9F%C3%B6b%C9%99si-%C3%BCzr%C9%99-apar%C4%B1c%C4%B1-m%C3%BCt%C9%99x%C9%99ssis-at-rabitabank-ojsc-4437970357,Kart məhsulları və xidmətlərinin inkişafı şöbəsi üzrə aparıcı mütəxəssis,,scraped,2026-07-11T11:38:33.690529,
8032151d7d70064b,https://az.linkedin.com/jobs/view/aveva-e3d-model-designer-at-kbr-inc-4439060335,AVEVA E3D Model Designer,"KBR, Inc.",posted,2026-07-11T11:38:54.892325,331
b9fbbf6df329d647,https://az.linkedin.com/jobs/view/middle-senior-operations-risk-analyst-at-afeagroup-4435975749,Middle/Senior Operations Risk Analyst,AfeaGroup,posted,2026-07-11T11:39:09.885712,104
7d2b9e849238a73e,https://az.linkedin.com/jobs/view/sales-manager-at-floumeai-4436670393,Sales Manager,FloumeAI,posted,2026-07-11T11:40:00.755563,333
25aaa17796267863,https://az.linkedin.com/jobs/view/sports-data-collector-football-tovuz-azerbaijan-at-genius-sports-4435921255,"Sports Data Collector (Football) - Tovuz, Azerbaijan",,scraped,2026-07-11T11:40:07.165335,
eb4b695aa9b56bf9,https://az.linkedin.com/jobs/view/senior-qa-automation-engineer-at-a1qa-4435977023,Senior QA Automation Engineer,a1qa,posted,2026-07-11T11:40:26.582502,229
3fc92be9d2e07089,https://az.linkedin.com/jobs/view/kreditl%C9%99rin-h%C3%BCquqi-t%C9%99qibi-departamentinin-i%CC%87cra-orqanlar%C4%B1-il%C9%99-i%C5%9F-%C5%9F%C3%B6b%C9%99sinin-h%C3%BCquq%C5%9F%C3%BCnas%C4%B1-at-life-at-bir-4437989773,Kreditlərin hüquqi təqibi departamentinin İcra orqanları ilə iş şöbəsinin hüquqşünası,,scraped,2026-07-11T11:40:49.121411,
948e7c92f53fe914,https://az.linkedin.com/jobs/view/vi%CC%87p-m%C3%BC%C5%9Ft%C9%99ril%C9%99rl%C9%99-i%C5%9F-departamentin%C9%99-ios-%C3%BCzr%C9%99-apar%C4%B1c%C4%B1-proqram%C3%A7%C4%B1-at-abb-4438630117,VİP müştərilərlə iş departamentinə IOS üzrə aparıcı proqramçı,,scraped,2026-07-11T11:41:09.813940,
01999d71c5d379c8,https://az.linkedin.com/jobs/view/junior-update-specialist-amazon-at-azex-trucking-4436628153,Junior Update Specialist (Amazon),AZEX Trucking,posted,2026-07-11T15:38:14.898670,335
6672cdd7076906d7,https://az.linkedin.com/jobs/view/technical-consultant-infrastructure-solutions-m-f-d-at-lenovo-4438927513,Technical Consultant - Infrastructure Solutions m/f/d,Lenovo,posted,2026-07-11T15:38:51.225891,337
00f19a5746f64706,https://az.linkedin.com/jobs/view/%D0%BC%D0%B5%D0%BD%D0%B5%D0%B4%D0%B6%D0%B5%D1%80-%D0%BF%D0%BE-%D0%BF%D1%80%D0%BE%D0%B4%D0%B0%D0%B6%D0%B0%D0%BC-1%D1%81-at-akbis-group-4421127274,Менеджер по продажам 1С,AKBIS Group,posted,2026-07-11T15:39:24.761548,339
c554db030ac1c769,https://az.linkedin.com/jobs/view/ai-solution-architect-at-epam-systems-4428249621,AI Solution Architect,EPAM Systems,posted,2026-07-11T15:39:36.883816,341
4921cb15e0fb8a6a,https://az.linkedin.com/jobs/view/senior-ai-and-data-scientist-at-life-at-bir-4438900956,Senior AI and Data Scientist,,scraped,2026-07-11T15:39:43.512587,
939588757113e59b,https://az.linkedin.com/jobs/view/technical-sales-specialist-at-nov-4409298528,Technical Sales Specialist,NOV,posted,2026-07-11T15:40:46.024167,343
4b58cbe51fb8b720,https://az.linkedin.com/jobs/view/kran-ma%C5%9Finisti-at-metak-llc-4437904887,Kran maşinisti,METAK LLC,posted,2026-07-11T19:56:53.652617,345
ac7d09f35d8ca9bf,https://az.linkedin.com/jobs/view/junior-senior-i-c-engineer-at-tekfen-engineering-4437388665,Junior & Senior I&C Engineer,Tekfen Engineering,posted,2026-07-11T19:57:54.067292,347
f7682ffb51af8df3,https://az.linkedin.com/jobs/view/associate-manager-customer-marketing-bangkok-based-relocation-provided-at-agoda-4410549317,"Associate Manager, Customer Marketing (Bangkok Based, Relocation Provided)",Agoda,posted,2026-07-11T19:58:24.102345,349
a7e7f459ece8433e,https://az.linkedin.com/jobs/view/senior-qa-engineer-at-xsolla-4363015511,Senior QA Engineer,Xsolla,posted,2026-07-11T19:59:18.292930,351
471e42e3c834290f,https://az.linkedin.com/jobs/view/data-ai-solution-architect-at-epam-systems-4428254593,Data AI Solution Architect,EPAM Systems,posted,2026-07-11T19:59:35.297232,353
c8288091f021eec5,https://az.linkedin.com/jobs/view/license-owner-operator-baku-at-stranger-soccer-4439517038,"License Owner / Operator, Baku",,scraped,2026-07-11T20:52:20.870723,
d394c5da27a028f4,https://az.linkedin.com/jobs/view/%C3%BCmumi-audit-%C5%9F%C3%B6b%C9%99sinin-auditoru-at-bank-of-baku-ojsc-4435995773,Ümumi audit şöbəsinin auditoru,,scraped,2026-07-11T20:52:31.399284,
710dd1c3f699124f,https://az.linkedin.com/jobs/view/sat%C4%B1%C5%9F-meneceri-at-edu-company-education-and-consulting-center-4438939527,Satış meneceri,,scraped,2026-07-11T20:52:39.626536,
b652f6bb1c34d24c,https://az.linkedin.com/jobs/view/sat%C4%B1nalma-%C3%BCzr%C9%99-apar%C4%B1c%C4%B1-m%C3%BCt%C9%99x%C9%99ssis-at-metak-llc-4437908813,Satınalma üzrə aparıcı mütəxəssis,METAK LLC,posted,2026-07-11T20:53:51.546597,355
8b5c538623d107ad,https://az.linkedin.com/jobs/view/demi-chef-de-partie-at-accor-4437949216,Demi Chef de Partie,Accor,posted,2026-07-11T20:54:06.356609,357
85370051e59f5278,https://az.linkedin.com/jobs/view/adra-n%C4%B1n-sabah-qruplar%C4%B1nda-2022-2023-c%C3%BC-t%C9%99dris-ilinin-yaz-semestr%C4%B1nd%C9%99-a%C5%9Fa%C4%9F%C4%B1dak%C4%B1-f%C9%99nl%C9%99rin-t%C9%99drisini-aparmaq-m%C9%99qs%C9%99di-il%C9%99-vakant-f%C9%99nl%C9%99r-%C3%BC%C3%A7%C3%BCn-m%C3%BCsabiq%C9%99-elan-olunur-at-azerbaijan-state-academy-of-fine-arts-4439325325,ADRA-nın SABAH qruplarında 2022/2023-cü tədris ilinin yaz semestrındə aşağıdakı fənlərin tədrisini aparmaq məqsədi ilə vakant fənlər üçün müsabiqə elan olunur.,Azerbaijan State Academy of Fine Arts,posted,2026-07-11T20:54:16.296176,359
ba45a2f645b6f44c,https://az.linkedin.com/jobs/view/%C3%B6n-masa-%C3%BCzr%C9%99-ki%C3%A7ik-m%C3%BCt%C9%99x%C9%99ssis-at-life-at-bir-4436842182,Ön Masa üzrə Kiçik Mütəxəssis,,scraped,2026-07-12T07:40:15.392866,
5624d77c0e16cd1d,https://az.linkedin.com/jobs/view/fraud-hallar%C4%B1-v%C9%99-r%C9%99q%C9%99msal-%C9%99m%C9%99liyyatlar%C4%B1n-ara%C5%9Fd%C4%B1r%C4%B1lmas%C4%B1-%C5%9F%C3%B6b%C9%99sinin-m%C3%BCt%C9%99x%C9%99ssisi-apar%C4%B1c%C4%B1-m%C3%BCt%C9%99x%C9%99ssisi-at-life-at-bir-4438346486,Fraud halları və rəqəmsal əməliyyatların araşdırılması şöbəsinin mütəxəssisi/aparıcı mütəxəssisi,,scraped,2026-07-12T07:40:22.186872,
52dca319debb5a54,https://az.linkedin.com/jobs/view/pl-sql-%C3%BCzr%C9%99-m%C3%BCt%C9%99x%C9%99ssis-at-unibank-4437981642,PL/SQL üzrə Mütəxəssis,,scraped,2026-07-12T07:40:47.447867,
ad29200ea20266ed,https://az.linkedin.com/jobs/view/sourcing-interns-at-life-at-bir-4437044546,Sourcing Interns,,scraped,2026-07-12T07:41:22.097653,
aa660503dcef361e,https://az.linkedin.com/jobs/view/sports-data-collector-football-zaqatala-azerbaijan-at-genius-sports-4435937924,"Sports Data Collector (Football) - Zaqatala, Azerbaijan",,scraped,2026-07-12T07:42:06.393671,
88a74d740e538de6,https://az.linkedin.com/jobs/view/internship-baku-azerbaijan-at-mypetrocareer-com-4437268668,"Internship- Baku, Azerbaijan",,scraped,2026-07-14T06:38:28.362757,
7e298fb631a652ac,https://az.linkedin.com/jobs/view/i%CC%87stifad%C9%99%C3%A7il%C9%99r%C9%99-texniki-yard%C4%B1m-%C5%9F%C3%B6b%C9%99sinin-ki%C3%A7ik-m%C3%BCt%C9%99x%C9%99ssisi-at-unibank-4439485072,İstifadəçilərə texniki yardım şöbəsinin kiçik Mütəxəssisi,,scraped,2026-07-14T06:38:38.634169,
23620422e2cbde50,https://az.linkedin.com/jobs/view/da%C4%9F-m%C9%99d%C9%99n-m%C3%BCh%C9%99ndisi-geomexanik-da%C4%9F-m%C9%99d%C9%99n-v%C9%99-emal-sah%C9%99l%C9%99rinin-idar%C9%99edilm%C9%99si-%C5%9F%C3%B6b%C9%99si-at-azergold-%E2%80%8B-cjsc-4437258142,Dağ-mədən mühəndisi (Geomexanik) / Dağ-mədən və emal sahələrinin idarəedilməsi şöbəsi,,scraped,2026-07-14T06:38:49.804717,
95c36d43d0bde6d1,https://az.linkedin.com/jobs/view/mikromaliyy%C9%99l%C9%99%C5%9Fdirm%C9%99-%C3%BCzr%C9%99-ki%C3%A7ik-m%C3%BCt%C9%99x%C9%99ssis-l%C9%99nk%C9%99ran-at-unibank-4439113201,Mikromaliyyələşdirmə üzrə Kiçik mütəxəssis (Lənkəran),,scraped,2026-07-14T06:39:01.457768,
131b2387a3854120,https://az.linkedin.com/jobs/view/mikromaliyy%C9%99l%C9%99%C5%9Fdirm%C9%99-%C3%BCzr%C9%99-ki%C3%A7ik-m%C3%BCt%C9%99x%C9%99ssis-%C5%9F%C9%99mkir-at-unibank-4439113200,Mikromaliyyələşdirmə üzrə Kiçik mütəxəssis (Şəmkir),,scraped,2026-07-14T06:39:12.086374,
507affc8a096d717,https://az.linkedin.com/jobs/view/arxiv%C3%A7i-at-veyseloglu-llc-4439436181,Arxivçi,,scraped,2026-07-14T06:39:24.699772,
d202d8fb76ea521a,https://az.linkedin.com/jobs/view/environmental-supervisor-gadabay-aghdara-at-azerbaijan-international-mining-company-limited-4440392970,Environmental Supervisor (Gadabay & Aghdara),Azerbaijan International Mining Company Limited,failed|wp_post_failed,2026-07-14T06:39:39.351041,
f4f38aa424e26747,https://az.linkedin.com/jobs/view/commissioning-manager-at-prokon-llc-4437276917,Commissioning Manager,PROKON LLC,failed|wp_post_failed,2026-07-14T06:40:01.764631,
31528b87074c69b6,https://az.linkedin.com/jobs/view/grocery-associate-wolt-market-full-time-at-wolt-4437375873,Grocery Associate - Wolt Market (full-time),,scraped,2026-07-14T06:40:04.423196,
6fc76622c7215b68,https://az.linkedin.com/jobs/view/finance-control-analyst-at-bp-4436653692,Finance Control Analyst,bp,failed|wp_post_failed,2026-07-14T06:40:25.139876,
65aca6c4f60516ed,https://az.linkedin.com/jobs/view/computer-science-teacher-at-landau-education-group-career-4437242765,Computer Science Teacher,Landau Education Group Career,failed|wp_post_failed,2026-07-14T06:40:33.574389,
8495ad466ad4d4e8,https://az.linkedin.com/jobs/view/instructor-assistant-professor-associate-professor-in-law-at-qaraba%C4%9F-universiteti-4437269609,Instructor | Assistant Professor | Associate Professor in Law,Qarabağ Universiteti,failed|wp_post_failed,2026-07-14T06:40:42.464152,
ba29b25f872ea52a,https://az.linkedin.com/jobs/view/data-scientist-ii-quantumblack-ai-by-mckinsey-at-quantumblack-ai-by-mckinsey-4440345532,"Data Scientist II - QuantumBlack, AI by McKinsey","QuantumBlack, AI by McKinsey",failed|wp_post_failed,2026-07-14T06:40:54.523602,
d4edf8cb166ba0b2,https://az.linkedin.com/jobs/view/sales-agent-at-makfit-lifestyle-fitness-club-4437287639,Sales Agent,,scraped,2026-07-14T06:40:59.257905,
42493e2b2057f1a6,https://az.linkedin.com/jobs/view/senior-technical-architect-at-mb-architects-architectural-design-bureau-4437239676,Senior Technical Architect,,scraped,2026-07-14T06:41:08.189537,
3569e36f6ce58d5e,https://az.linkedin.com/jobs/view/senior-java-developer-at-intellectsoft-4440058601,Senior Java Developer,Intellectsoft,failed|wp_post_failed,2026-07-14T06:41:29.586974,
b90f5b2e44d48876,https://az.linkedin.com/jobs/view/chemistry-teacher-at-oxbridge-academy-azerbaijan-4437245436,Chemistry Teacher,,scraped,2026-07-14T06:41:36.148384,
7a3f86a61a336c37,https://az.linkedin.com/jobs/view/marketing-assistant-usta-m%C9%99n%C9%99m-3-1-1-at-holcim-4440000057,"Marketing Assistant (""Usta Mənəm 3"" ) 1 1",,scraped,2026-07-14T06:41:59.352253,
1aea1f1b24fcdf9a,https://az.linkedin.com/jobs/view/server-at-accor-4439485814,Server,Accor,failed|wp_post_failed,2026-07-14T06:42:19.252319,
2fdf5c2bb840a06d,https://az.linkedin.com/jobs/view/%D0%B0%D1%80%D1%85%D0%B8%D1%82%D0%B5%D0%BA%D1%82%D1%83%D1%80%D0%BD%D1%8B%D0%B9-%D0%B4%D0%B8%D0%B7%D0%B0%D0%B9%D0%BD%D0%B5%D1%80-4369017942,Архитектурный дизайнер,ARCHIA Design,failed|wp_post_failed,2026-07-14T06:42:22.804161,
47c85f0f449dd3fd,https://az.linkedin.com/jobs/view/director-of-quality-assurance-at-xsolla-4437246243,Director of Quality Assurance,Xsolla,failed|wp_post_failed,2026-07-14T06:42:39.335841,
5f22e6d955bbacee,https://az.linkedin.com/jobs/view/senior-legal-counsel-at-lukoil-4435543746,Senior Legal Counsel,,scraped,2026-07-14T06:42:43.975345,
994ded806d2e44a9,https://az.linkedin.com/jobs/view/technical-lead-at-xsolla-4341327260,Technical Lead,Xsolla,failed|wp_post_failed,2026-07-14T06:42:58.087707,
545b2ed5bf406659,https://az.linkedin.com/jobs/view/quality-control-inspector-coating-painting-at-airswift-4437254261,"Quality Control Inspector, Coating & Painting",Airswift,failed|wp_post_failed,2026-07-14T06:43:14.523205,
f7a9bf58aa7e3936,https://az.linkedin.com/jobs/view/laundry-attendant-at-accor-4440215826,Laundry Attendant,Accor,posted,2026-07-16T07:35:19.912726,361
587dc547ac7023df,https://az.linkedin.com/jobs/view/security-officer-at-four-seasons-4440526740,Security Officer,Four Seasons,posted,2026-07-16T07:36:37.189673,363
c02813dcf9ad829c,https://az.linkedin.com/jobs/view/bellman-at-the-merchant-baku-4437654479,Bellman,The Merchant Baku,posted,2026-07-16T07:37:56.808898,365
49d76531fb745c91,https://az.linkedin.com/jobs/view/ki%C3%A7ik-inspektor-saatl%C4%B1-v%C9%99-sabirabad-regionlar%C4%B1-%C3%BCzr%C9%99-at-ayna-life-4440522058,Kiçik inspektor (Saatlı və Sabirabad regionları üzrə),AYNA Life,posted,2026-07-16T07:38:11.102005,367
bb300816e1bed594,https://az.linkedin.com/jobs/view/a320-captain-at-nobox-4360471760,A320 Captain,,scraped,2026-07-16T07:38:14.071452,
ac3041eca7088ab3,https://az.linkedin.com/jobs/view/ki%C3%A7ik-inspektor-neft%C3%A7ala-v%C9%99-salyan-regionlar%C4%B1-%C3%BCzr%C9%99-at-ayna-life-4440509704,Kiçik inspektor (Neftçala və Salyan regionları üzrə),AYNA Life,posted,2026-07-16T07:38:27.941377,369
59602d2bae5086f5,https://az.linkedin.com/jobs/view/ba%C5%9F-auditor-pashapay-at-pasha-holding-llc-4440971107,Baş Auditor - PashaPay,,scraped,2026-07-16T07:38:32.645216,
a2124a10e9d2ff06,https://az.linkedin.com/jobs/view/audit-staff-assurance-services-at-ey-4370296709,"Audit Staff, Assurance Services",EY,posted,2026-07-16T07:39:52.787131,371
3888369da512a8cd,https://az.linkedin.com/jobs/view/outgoing-travel-specialist-at-vega-travel-management-4437236525,Outgoing Travel Specialist,Vega Travel Management,posted,2026-07-16T07:41:08.505545,373
4a4cf143e0524c42,https://az.linkedin.com/jobs/view/birmarket-ba%C5%9F-auditor-at-pasha-holding-llc-4440952249,Birmarket - Baş Auditor,,scraped,2026-07-16T07:41:15.163132,
4167da09017723b5,https://az.linkedin.com/jobs/view/lead-server-at-accor-4437937566,Lead Server,Accor,posted,2026-07-16T07:42:36.909098,375
43c91d75a85ebf5c,https://az.linkedin.com/jobs/view/waiter-at-boutique-19-hotel-baku-4438003027,Waiter,Boutique 19 Hotel Baku,posted,2026-07-16T07:42:46.276677,377
f64ee31b45491208,https://az.linkedin.com/jobs/view/business-consulting-intern-at-montfortlab-4437673371,Business Consulting Intern,Montfortlab,posted,2026-07-16T07:43:01.155493,379
f46fab468687e386,https://az.linkedin.com/jobs/view/operations-supervisor-at-expro-4438006450,Operations Supervisor,Expro,posted,2026-07-16T07:43:14.329000,381
e0ca6d3a62601859,https://az.linkedin.com/jobs/view/food-and-beverage-supervisor-at-sapphire-hotels-group-4438072102,Food And Beverage Supervisor,Sapphire Hotels Group,posted,2026-07-16T07:44:00.374100,383
9e16f97a0f9a5778,https://az.linkedin.com/jobs/view/data-analytics-intern-at-montfortlab-4438087613,Data Analytics Intern,Montfortlab,posted,2026-07-16T07:44:10.716917,385
120f18e3316d1a25,https://az.linkedin.com/jobs/view/waiter-tribeca-at-the-ritz-carlton-hotel-company-l-l-c-4440290258,Waiter-Tribeca,"The Ritz-Carlton Hotel Company, L.L.C.",posted,2026-07-16T07:44:19.584495,387
a9dc0f296d40c3af,https://az.linkedin.com/jobs/view/human-resources-officer-at-cfi-financial-group-4440235030,Human Resources Officer,CFI Financial Group,posted,2026-07-16T07:44:34.231258,389
d93cc3c0a0c7ffc3,https://az.linkedin.com/jobs/view/technical-superintendent-at-dp-world-4300630630,Technical Superintendent,,scraped,2026-07-16T07:44:36.822312,
d9d23cfbe021abe2,https://az.linkedin.com/jobs/view/technical-consultant-infrastructure-solutions-at-lenovo-4440219271,Technical Consultant - Infrastructure Solutions,Lenovo,posted,2026-07-16T07:45:54.853936,391
4fa31e61519dd41c,https://az.linkedin.com/jobs/view/digital-production-technical-sales-at-slb-4438061363,Digital Production Technical Sales,SLB,posted,2026-07-16T07:46:08.843245,393
ec6c241985bc4359,https://az.linkedin.com/jobs/view/smeta-m%C3%BCh%C9%99ndisi-at-railways-communications-technologies-4438450949,Smeta mühəndisi,Railways Communications & Technologies,posted,2026-07-16T07:48:00.049505,395
df032c645ca6eaa9,https://az.linkedin.com/jobs/view/accountant-at-premium-market-4436688017,Accountant,Premium Market,posted,2026-07-16T07:48:06.955972,263
fa18d8cdc8ff37b5,https://az.linkedin.com/jobs/view/devops-m%C3%BCh%C9%99ndisi-at-life-at-bir-4440202816,DevOps mühəndisi,,scraped,2026-07-16T07:48:09.647965,
fb42a1ec74fa3c7c,https://az.linkedin.com/jobs/view/marketing-assistant-usta-m%C9%99n%C9%99m-3-1-1-at-holcim-supplementary-pension-fund-4437685235,"Marketing Assistant (""Usta Mənəm 3"" ) 1 1",,scraped,2026-07-16T07:49:26.007503,
65ff43fb6a62c5f2,https://az.linkedin.com/jobs/view/chef-de-cuisine-at-marriott-international-4439872682,Chef de Cuisine,Marriott International,posted,2026-07-16T07:49:40.533079,397
080efaa51ce37f3c,https://az.linkedin.com/jobs/view/m%C3%BChasib-t%C9%99cr%C3%BCb%C9%99%C3%A7i-at-aga-group-4439870120,Mühasib (Təcrübəçi),,scraped,2026-07-16T07:49:43.122266,
352f2ffa494f2b44,https://az.linkedin.com/jobs/view/front-end-developer-web-mobile-at-xsolla-4341363217,Front-End Developer (Web & Mobile),Xsolla,posted,2026-07-16T07:50:03.528186,399
eacfefda05c09a64,https://az.linkedin.com/jobs/view/network-security-engineer-at-proxima-tech-solutions-4438474389,Network & Security Engineer,,scraped,2026-07-16T07:50:06.221669,
b0ae14e8ab023c3e,https://az.linkedin.com/jobs/view/chef-de-partie-at-accor-4439906513,Chef de Partie,Accor,posted,2026-07-16T07:51:28.163918,401
2739de6bcb885649,https://az.linkedin.com/jobs/view/senior-operator-1-at-expro-4438092494,Senior Operator 1,Expro,posted,2026-07-16T07:51:36.949402,403
78a1c26139b3c9e8,https://az.linkedin.com/jobs/view/regional-hr-specialist-at-wolt-4438948557,Regional HR Specialist,,scraped,2026-07-16T07:51:41.741071,
80a40842b14d5c06,https://az.linkedin.com/jobs/view/ba%C5%9F-m%C3%BChasib-at-debet-safety-4438067927,Baş Mühasib,,scraped,2026-07-16T07:52:52.766031,
d49808a3ee1ea389,https://az.linkedin.com/jobs/view/myp-individuals-and-societies-teacher-2026-2027-academic-year-at-european-azerbaijan-school-4438417045,MYP Individuals and Societies Teacher (2026-2027 Academic Year),,scraped,2026-07-16T07:54:08.426734,
ad1404dc0c2df75c,https://az.linkedin.com/jobs/view/technical-advisor-at-dp-world-4300618739,Technical Advisor,,scraped,2026-07-16T07:54:18.688954,
7269899bee6dd2f1,https://az.linkedin.com/jobs/view/graphic-design-intern-at-salvaguardia-consulting-4438096463,Graphic Design Intern,Salvaguardia Consulting,posted,2026-07-16T07:55:39.878818,405
eb2a671dd5b28730,https://az.linkedin.com/jobs/view/data-m%C3%BCh%C9%99ndisliyi-%C3%BCzr%C9%99-menecer-at-veyseloglu-llc-4440235624,Data Mühəndisliyi üzrə Menecer,,scraped,2026-07-16T07:55:46.626247,
d2ac8bc85bd93086,https://az.linkedin.com/jobs/view/project-manager-%E2%80%93-engineering-engineering-procurement-epcm-pmc-at-kbr-inc-4440598485,Project Manager – Engineering / Engineering & Procurement / EPCM / PMC,"KBR, Inc.",posted,2026-07-16T07:57:05.578272,407
c7c04b507f0ced36,https://az.linkedin.com/jobs/view/supervisor-2-at-expro-4438019161,Supervisor 2,Expro,posted,2026-07-16T07:57:17.437745,409
86dffd79b15d41d0,https://az.linkedin.com/jobs/view/project-development-leader-at-baker-hughes-4440373664,Project Development Leader,Baker Hughes,posted,2026-07-16T07:57:27.303436,411
dca03b4e2386aba1,https://az.linkedin.com/jobs/view/it-support-engineer-at-xsolla-4428959720,IT Support Engineer,Xsolla,posted,2026-07-16T07:57:36.078274,413
c5d813a97146f0cb,https://az.linkedin.com/jobs/view/senior-climate-change-and-sustainability-services-ccass-at-ey-4431254480,"Senior, Climate Change and Sustainability Services (CCaSS)",EY,posted,2026-07-16T07:58:51.932293,415
1c88426393250f7f,https://az.linkedin.com/jobs/view/senior-chef-de-partie-at-accor-4439904525,Senior Chef de Partie,Accor,posted,2026-07-16T08:00:10.946451,417
27b7395f01c57bd0,https://az.linkedin.com/jobs/view/maliyy%C9%99-menecmenti-departamentinin-aktiv-v%C9%99-passivl%C9%99rin-i%CC%87dar%C9%99-edilm%C9%99si-%C5%9F%C3%B6b%C9%99sinin-m%C3%BCt%C9%99x%C9%99ssisi-at-life-at-bir-4439998919,Maliyyə Menecmenti Departamentinin Aktiv və Passivlərin İdarə Edilməsi Şöbəsinin Mütəxəssisi,,scraped,2026-07-16T08:00:13.668753,
26940891f5b5ea92,https://az.linkedin.com/jobs/view/it-business-analyst-at-life-at-bir-4440204730,IT Business analyst,,scraped,2026-07-16T08:01:24.080680,
11cf7b1f1d939c27,https://az.linkedin.com/jobs/view/region-filiallar%C4%B1-%C3%BCzr%C9%99-k%C3%B6n%C3%BCll%C3%BC-g%C9%99nc%C9%99-at-unibank-4439102661,Region filialları üzrə könüllü (Gəncə),,scraped,2026-07-16T08:01:30.571453,
d294908ab27370ae,https://az.linkedin.com/jobs/view/middle-senior-backend-engineer-at-xsolla-4363124025,Middle/Senior Backend Engineer,Xsolla,posted,2026-07-16T08:02:49.139828,419
05ed6c557a2ccb2a,https://az.linkedin.com/jobs/view/kob-kreditl%C9%99ri-%C3%BCzr%C9%99-t%C9%99cr%C3%BCb%C9%99%C3%A7i-g%C9%99nc%C9%99-k%C9%99p%C9%99z-%C3%BCzr%C9%99-at-unibank-4440214139,KOB kreditləri üzrə təcrübəçi (Gəncə-Kəpəz üzrə),,scraped,2026-07-16T08:02:51.770801,
82eb9e080506480d,https://az.linkedin.com/jobs/view/data-steward-intern-at-life-at-bir-4440200872,Data Steward Intern,,scraped,2026-07-16T08:04:02.439855,
15b0f052be8e86a2,https://az.linkedin.com/jobs/view/android-developer-intern-at-life-at-bir-4438473221,Android developer Intern,,scraped,2026-07-16T08:04:09.278207,
187767d5159a86fd,https://az.linkedin.com/jobs/view/business-analyst-intern-at-montfortlab-4437603998,Business Analyst Intern,Montfortlab,posted,2026-07-16T08:04:21.796657,247
4bfab97a20d1a9e6,https://az.linkedin.com/jobs/view/audio-visual-technician-at-four-seasons-4440531544,Audio Visual Technician,Four Seasons,posted,2026-07-16T08:04:38.750166,421
a292d32129416260,https://az.linkedin.com/jobs/view/bellman-at-four-seasons-4423357774,Bellman,Four Seasons,posted,2026-07-18T06:29:21.970417,365
7c480c5d4db68f4f,https://az.linkedin.com/jobs/view/general-manager-tuscon-at-better-buzz-coffee-4419646410,General Manager - Tuscon,Better Buzz Coffee,posted,2026-07-18T06:29:32.389727,423
a1bf1f5f8fd34f0f,https://az.linkedin.com/jobs/view/anbardar-at-aga-group-4439401676,Anbardar,,scraped,2026-07-18T06:29:41.023282,
ec1c087365c9a9d0,https://az.linkedin.com/jobs/view/a320-first-officer-at-nobox-4402120654,A320 First Officer,,scraped,2026-07-18T06:29:47.673855,
09ad2715b77613af,https://az.linkedin.com/jobs/view/beyn%C9%99lxalq-da%C5%9F%C4%B1nma-%C3%BCzr%C9%99-m%C3%BCt%C9%99x%C9%99ssis-at-veyseloglu-llc-4439428465,Beynəlxalq Daşınma üzrə Mütəxəssis,,scraped,2026-07-18T06:30:59.062092,
232da1b1c73174c7,https://az.linkedin.com/jobs/view/shooting-coordinator-at-planb-company-4437264948,Shooting Coordinator,,scraped,2026-07-18T06:31:05.668415,
424679a18137a1c2,https://az.linkedin.com/jobs/view/service-delivery-coordinator-at-mypetrocareer-com-4437668940,Service Delivery Coordinator,,scraped,2026-07-18T06:32:15.624513,
3912488288e9d025,https://az.linkedin.com/jobs/view/freight-coordinator-azerbaijan-at-globalink-logistics-4439903792,FREIGHT COORDINATOR | AZERBAIJAN,Globalink Logistics,posted,2026-07-18T06:34:11.294935,425
0adf207f27bf0333,https://az.linkedin.com/jobs/view/mikro-kreditler-%C3%BCzr%C9%99-ba%C5%9F-kredit-m%C3%BCt%C9%99x%C9%99ssisi-at-unibank-4438085714,Mikro kreditler üzrə baş kredit mütəxəssisi,,scraped,2026-07-18T06:34:13.785510,
1ebcb51c0b0c8122,https://az.linkedin.com/jobs/view/audit-menecer-birmarket-at-pasha-holding-llc-4440941595,Audit Menecer - Birmarket,,scraped,2026-07-18T06:35:24.421761,
12882e533df9944a,https://az.linkedin.com/jobs/view/head-of-it-governance-at-life-at-bir-4440770958,Head of IT Governance,,scraped,2026-07-18T06:35:31.973148,
cc07c06bd3c21136,https://az.linkedin.com/jobs/view/product-owner-at-apar-4439231254,Product Owner,Apar,posted,2026-07-18T06:35:41.402801,32
1fa638529c633b23,https://az.linkedin.com/jobs/view/technical-logistic-executive-4438063576,Technical Logistic Executive,Baretta Facade Solutions,posted,2026-07-18T06:35:50.720654,427
411c004765051831,https://az.linkedin.com/jobs/view/supervisor-1-at-expro-4438002604,Supervisor 1,Expro,posted,2026-07-18T06:36:02.044901,429
47d69756dfcfb2f0,https://az.linkedin.com/jobs/view/railway-signalling-and-telecommunication-specialist-at-alma-consulting-technologies-and-innovation-llc-4438412263,Railway Signalling and Telecommunication Specialist,,scraped,2026-07-18T06:36:06.690042,
f7905114c03b947b,https://az.linkedin.com/jobs/view/offshore-package-control-lead-at-airswift-4438794540,Offshore Package Control Lead,Airswift,posted,2026-07-18T06:37:24.102992,431
b6b8be0860463269,https://az.linkedin.com/jobs/view/sales-team-lead-at-bolt-4432982488,Sales Team Lead,,scraped,2026-07-18T06:37:26.756549,
906520241cda80e3,https://az.linkedin.com/jobs/view/staff-climate-change-and-sustainability-services-at-ey-4432268118,"Staff, Climate Change and Sustainability Services",EY,posted,2026-07-18T06:37:41.051892,433
29dcbaa05efac974,https://az.linkedin.com/jobs/view/middle-full-stack-developer-at-respect-solutions-4440893925,Middle Full Stack Developer,,scraped,2026-07-18T06:37:47.744635,
cf6be92cf43df582,https://az.linkedin.com/jobs/view/marketing-operations-coordinator%C2%A0-at-four-seasons-4440528594,Marketing Operations Coordinator,Four Seasons,posted,2026-07-18T06:38:05.238361,435
7c3737040cb3c384,https://az.linkedin.com/jobs/view/tibbi-n%C3%BCmay%C9%99nd%C9%99-at-r-pharm-4421109735,Tibbi nümayəndə,,scraped,2026-07-18T06:38:09.912407,
35d1a8efd0e8ffdc,https://az.linkedin.com/jobs/view/social-media-manager-at-pmo-az-layih%C9%99-d%C3%BC%C5%9F%C3%BCnc%C9%99-m%C9%99kt%C9%99bi-4439209764,Social Media Manager,,scraped,2026-07-18T06:38:19.709050,
95474f1b3dcfa862,https://az.linkedin.com/jobs/view/accounting-specialist-at-technip-energies-4440784273,Accounting Specialist,,scraped,2026-07-18T06:38:25.719793,
86d882d37544ebb1,https://az.linkedin.com/jobs/view/risk-manager-at-pasha-capital-4439219305,Risk Manager,PASHA Capital,posted,2026-07-18T06:38:41.914270,437
b08fa18a0eb7247f,https://az.linkedin.com/jobs/view/computer-numerical-control-programmer-at-mexaniki-t%C9%99mir-zavodu-mmc-4438796339,Computer Numerical Control Programmer,,scraped,2026-07-18T06:38:52.371643,
a3148bc7bcb82139,https://az.linkedin.com/jobs/view/%D1%85%D0%BE%D1%81%D1%82%D0%B5%D1%81-at-ps-lounge-4438442548,Хостес,PS Lounge,failed|wp_post_failed,2026-07-18T06:39:00.581489,
e98ffd627dc9bf6a,https://az.linkedin.com/jobs/view/senior-python-data-scraping-engineer-freelance-at-mindrift-4441438447,Senior Python Data Scraping Engineer (Freelance),Mindrift,posted,2026-07-18T06:39:09.524850,195
6386af8e63b55508,https://az.linkedin.com/jobs/view/operations-manager-safety-driver-engagement-at-bolt-4432970975,Operations Manager - Safety & Driver Engagement,,scraped,2026-07-18T06:39:20.125262,
ae1354b680f7808a,https://az.linkedin.com/jobs/view/offshore-interface-risk-lead-at-totalenergies-4440577961,Offshore Interface & Risk Lead,,scraped,2026-07-18T06:39:26.520722,
81489e99db364138,https://az.linkedin.com/jobs/view/sales-support-specialist-at-eincors-4438714231,Sales Support Specialist,,scraped,2026-07-18T06:39:33.500119,
541bd896a64e42cf,https://az.linkedin.com/jobs/view/lead-project-engineer-azeri-national-at-oceaneering-4432568292,Lead Project Engineer (Azeri National),Oceaneering,posted,2026-07-18T06:39:46.909953,439
75260b9fa03ad2cb,https://az.linkedin.com/jobs/view/school-teacher-at-canada-azerbaijan-school-4433945545,School Teacher,,scraped,2026-07-18T06:39:49.433134,
7bb39e5fce1403b3,https://az.linkedin.com/jobs/view/offshore-mechanic-foreman-at-global-projects-services-ag-4441203673,Offshore Mechanic Foreman,,scraped,2026-07-18T06:39:55.868355,
7f2b898ed54a6c3d,https://az.linkedin.com/jobs/view/mixologist-beverage-manager-at-four-seasons-4440585702,Mixologist & Beverage Manager,Four Seasons,posted,2026-07-18T06:40:11.941731,441
19d4fefe229e7683,https://az.linkedin.com/jobs/view/middle%2B-ai-agentic-qa-automation-engineer-at-a1qa-4438798452,Middle+ AI Agentic QA Automation Engineer,a1qa,posted,2026-07-18T06:40:16.592785,217
dcafc93c9fa942ac,https://az.linkedin.com/jobs/view/senior-application-security-specialist-at-xsolla-4402495333,Senior Application Security Specialist,Xsolla,posted,2026-07-18T06:40:27.700933,443
7a66002393e3b338,https://az.linkedin.com/jobs/view/site-security-lead-at-airswift-4437658206,Site Security Lead,Airswift,posted,2026-07-18T06:40:38.973515,445
a661286c00eab4a0,https://az.linkedin.com/jobs/view/%D0%BC%D0%B5%D0%BD%D0%B5%D0%B4%D0%B6%D0%B5%D1%80-%D0%BF%D0%BE-%D0%BF%D1%80%D0%BE%D0%B4%D0%B0%D0%B6%D0%B0%D0%BC-%D0%BB%D0%BE%D0%B3%D0%B8%D1%81%D1%82%D0%B8%D1%87%D0%B5%D1%81%D0%BA%D0%B8%D1%85-%D1%83%D1%81%D0%BB%D1%83%D0%B3-at-cardinal-group-logistics-mmc-4438077982,Менеджер по продажам логистических услуг,CARDINAL GROUP LOGISTICS MMC,failed|wp_post_failed,2026-07-18T06:40:46.054042,
9c8453dfda8869d2,https://az.linkedin.com/jobs/view/senior-structural-engineer-baku-at-pd-ms-group-4439234356,Senior Structural Engineer (Baku),,scraped,2026-07-18T06:40:48.832855,
eb5a26780b0e9e7b,https://az.linkedin.com/jobs/view/senior-database-administrator-at-xsolla-4349567532,Senior Database Administrator,Xsolla,posted,2026-07-18T06:41:04.030788,447
db23a5f127283326,https://az.linkedin.com/jobs/view/%D0%BE%D1%85%D1%80%D0%B0%D0%BD%D0%BD%D0%B8%D0%BA-at-bravo-supermarket-azerbaijan-4439625560,Охранник,,scraped,2026-07-20T10:23:42.349579,
88b150146722d556,https://az.linkedin.com/jobs/view/repair-service-agent-at-accor-4441769101,Repair service agent,Accor,posted,2026-07-20T10:23:58.080198,122
dca2083712c4b95c,https://az.linkedin.com/jobs/view/%C9%99m%C9%99khaqq%C4%B1-%C3%BCzr%C9%99-m%C3%BCt%C9%99x%C9%99ssis-at-veyseloglu-llc-4441742116,Əməkhaqqı üzrə Mütəxəssis,,scraped,2026-07-20T10:24:06.712799,
b3c1b27f2e9d7afa,https://az.linkedin.com/jobs/view/content-manager-at-yango-4441324266,Content Manager,Yango,posted,2026-07-20T10:24:22.109194,449
6cbd17c76cff151b,https://az.linkedin.com/jobs/view/vendor-at-scope-4439694271,Vendor,,scraped,2026-07-20T10:24:24.752665,
e6a3df64e9217881,https://az.linkedin.com/jobs/view/at-a-crossroads%3F-find-your-next-chapter-at-castle-functional-fitness-4443366090,At a Crossroads? Find Your Next Chapter,,scraped,2026-07-22T07:57:24.462912,
2f3253c08594e1ba,https://az.linkedin.com/jobs/view/for-sale-at-qbit-technologies-4442600997,For sale,,scraped,2026-07-22T07:57:30.261830,
75fb7902b797500a,https://az.linkedin.com/jobs/view/for-sale-at-qbit-technologies-4442621116,For sale,,scraped,2026-07-22T07:57:37.721734,
b9ed4a100de51e7c,https://az.linkedin.com/jobs/view/site-administrator-offshore-at-airswift-4442613781,Site Administrator (Offshore),Airswift,posted,2026-07-22T07:57:54.735411,451
14287eb11f488fde,https://az.linkedin.com/jobs/view/e%C4%9Fitmen-4443745655,Eğitmen,MLSPP,posted,2026-07-22T07:58:03.517815,453
41bdb093b3b1e833,https://az.linkedin.com/jobs/view/housekeeper-runner-at-the-ritz-carlton-hotel-company-l-l-c-4442660179,Housekeeper/Runner,"The Ritz-Carlton Hotel Company, L.L.C.",posted,2026-07-22T07:58:16.594281,455
19b22e93b8ca1fc4,https://az.linkedin.com/jobs/view/n%C9%99qliyyat-b%C3%B6lm%C9%99sinin-s%C3%BCr%C3%BCc%C3%BCs%C3%BC-at-bank-of-baku-ojsc-4438725468,Nəqliyyat bölməsinin sürücüsü,,scraped,2026-07-22T07:58:19.236542,
ba1224f16428afa4,https://az.linkedin.com/jobs/view/mikro-v%C9%99-aqro-m%C3%BC%C5%9Ft%C9%99ril%C9%99r-%C3%BCzr%C9%99-t%C9%99cr%C3%BCb%C9%99%C3%A7i-ki%C3%A7ik-m%C3%BCt%C9%99x%C9%99ssis-m%C3%BCt%C9%99x%C9%99ssis-q%C9%99b%C9%99l%C9%99-at-life-at-accessbank-4441017466,Mikro və Aqro Müştərilər üzrə Təcrübəçi/Kiçik Mütəxəssis/Mütəxəssis(Qəbələ),,scraped,2026-07-22T07:58:26.666574,
9fbf7e754f92da3b,https://az.linkedin.com/jobs/view/i%CC%87t-texnik-at-araz-supermarket-mmc-4439207024,İT texnik,,scraped,2026-07-22T07:58:32.597659,
e456e7122f58613b,https://az.linkedin.com/jobs/view/m%C9%99lumat-xidm%C9%99ti-b%C3%B6lm%C9%99sinin-ki%C3%A7ik-eksperti-at-bank-of-baku-ojsc-4440490084,Məlumat xidməti bölməsinin kiçik eksperti,,scraped,2026-07-22T07:58:45.319926,
26484f7e8b51bd09,https://az.linkedin.com/jobs/view/commis-at-accor-4441398260,Commis,Accor,posted,2026-07-22T07:59:05.164194,457
2dd1229e50d11ed7,https://az.linkedin.com/jobs/view/azerbaijan-and-georgia-tour-guaranteed-departure-at-exotour-travel-4439680874,Azerbaijan and Georgia tour [guaranteed departure],EXOTOUR TRAVEL,posted,2026-07-22T07:59:14.148981,459
a409f937b36f5f3b,https://az.linkedin.com/jobs/view/mikro-v%C9%99-aqro-m%C3%BC%C5%9Ft%C9%99ril%C9%99r-%C3%BCzr%C9%99-t%C9%99cr%C3%BCb%C9%99%C3%A7i-ki%C3%A7ik-m%C3%BCt%C9%99x%C9%99ssis-m%C3%BCt%C9%99x%C9%99ssis-apar%C4%B1c%C4%B1-m%C3%BCt%C9%99x%C9%99ssis-quba-at-life-at-accessbank-4441026020,Mikro və Aqro müştərilər üzrə Təcrübəçi/Kiçik mütəxəssis/Mütəxəssis/Aparıcı mütəxəssis (Quba),,scraped,2026-07-22T07:59:16.692209,
b22b0af1704109b0,https://az.linkedin.com/jobs/view/fluent-english-technical-support-consultant-remote-at-supportyourapp-4443744902,(Fluent English) Technical Support Consultant (Remote),SupportYourApp,posted,2026-07-22T07:59:31.255894,461
126d7fb734c1b73c,https://az.linkedin.com/jobs/view/license-owner-operator-baku-at-stranger-soccer-4443305039,"License Owner & Operator, Baku",,scraped,2026-07-22T07:59:33.915138,
fa76bd7fbda1bfcf,https://az.linkedin.com/jobs/view/customer-support-specialist-at-aceolution-4442227610,Customer Support Specialist,Aceolution,posted,2026-07-22T07:59:47.667124,463
e8980d183bb5e4de,https://az.linkedin.com/jobs/view/proqram-t%C9%99minat%C4%B1-v%C9%99-i%CC%87nteqrasiyalar%C4%B1n-i%CC%87nki%C5%9Faf%C4%B1-%C5%9F%C3%B6b%C9%99sind%C9%99-t%C9%99dqiqat-v%C9%99-i%CC%87nki%C5%9Faf-%C3%BCzr%C9%99-ba%C5%9F-m%C3%BCt%C9%99x%C9%99ssis-at-life-at-accessbank-4441023103,Proqram Təminatı və İnteqrasiyaların İnkişafı Şöbəsində Tədqiqat və İnkişaf üzrə Baş Mütəxəssis,,scraped,2026-07-22T07:59:50.281431,
734836037de417e5,https://az.linkedin.com/jobs/view/sales-coordinator-at-accor-4441193732,Sales Coordinator,Accor,posted,2026-07-22T08:00:08.637039,465
0c8315981c52ee15,https://az.linkedin.com/jobs/view/personal-vip-agent-at-risk-4442206958,Personal VIP Agent,,scraped,2026-07-22T08:00:11.381204,
37de8e9bdcddc692,https://az.linkedin.com/jobs/view/%C9%99traf-m%C3%BChit-sosial-v%C9%99-i%CC%87dar%C9%99etm%C9%99-%C3%BCzr%C9%99-ki%C3%A7ik-m%C3%BCt%C9%99x%C9%99ssis-at-life-at-accessbank-4441020331,"Ətraf Mühit, Sosial və İdarəetmə üzrə Kiçik Mütəxəssis",,scraped,2026-07-22T08:00:17.750984,
e476533d799d5529,https://az.linkedin.com/jobs/view/for-sale-at-qbit-technologies-4442605804,For sale,,scraped,2026-07-22T08:00:24.139071,
e595ee421dae321a,https://az.linkedin.com/jobs/view/kart-m%C9%99hsullar%C4%B1-biznesi-%C5%9F%C3%B6b%C9%99sind%C9%99-ki%C3%A7ik-m%C3%BCt%C9%99x%C9%99ssis-at-life-at-accessbank-4441025054,Kart Məhsulları Biznesi Şöbəsində Kiçik Mütəxəssis,,scraped,2026-07-22T08:00:31.931445,
bbb0c3e3789d99cc,https://az.linkedin.com/jobs/view/i%CC%87nspektor-la%C3%A7%C4%B1n-regionu-%C3%BCzr%C9%99-at-ayna-life-4441258368,İnspektor (Laçın regionu üzrə),AYNA Life,posted,2026-07-22T08:00:45.215789,467
e68227ffbb006fe4,https://az.linkedin.com/jobs/view/data-analytics-intern-at-montfortlab-4440434014,Data Analytics Intern,Montfortlab,posted,2026-07-22T08:00:51.180224,385
7f0bcc37613bdf12,https://az.linkedin.com/jobs/view/ux-ui-designer-at-spark-4440482042,UX/UI Designer,,scraped,2026-07-22T08:00:53.836604,
d7db3dac758c24d7,https://az.linkedin.com/jobs/view/for-sale-at-qbit-technologies-4442609644,For sale,,scraped,2026-07-22T08:01:03.601098,
27bab5c3ef0294c2,https://az.linkedin.com/jobs/view/lombard-kreditl%C9%99ri-%C3%BCzr%C9%99-m%C3%BCt%C9%99x%C9%99ssis-apar%C4%B1c%C4%B1-m%C3%BCt%C9%99x%C9%99ssis-masall%C4%B1-filial%C4%B1-at-life-at-accessbank-4441026018,Lombard kreditləri üzrə mütəxəssis/aparıcı mütəxəssis (Masallı filialı),,scraped,2026-07-22T08:01:10.243586,
64f4adff16f5ee1f,https://az.linkedin.com/jobs/view/front-desk-agent-local-at-the-ritz-carlton-hotel-company-l-l-c-4442654426,Front Desk Agent (Local),"The Ritz-Carlton Hotel Company, L.L.C.",posted,2026-07-22T08:01:25.172594,469
ce3474420993bb7b,https://az.linkedin.com/jobs/view/for-sale-at-qbit-technologies-4442605815,For sale,,scraped,2026-07-22T08:01:27.797735,
6d25a2e952d9abf3,https://az.linkedin.com/jobs/view/%C5%9F%C3%B6b%C9%99-m%C3%BCdir-m%C3%BCavini-geoloji-k%C9%99%C5%9Ffiyyat-%C5%9F%C3%B6b%C9%99si-at-azergold-%E2%80%8B-cjsc-4440124129,Şöbə müdir müavini / Geoloji kəşfiyyat şöbəsi,,scraped,2026-07-22T08:01:35.065213,
97582e41e23193b6,https://az.linkedin.com/jobs/view/birmarket-apar%C4%B1c%C4%B1-auditor-at-pasha-holding-llc-4440951293,Birmarket - Aparıcı Auditor,,scraped,2026-07-22T08:01:42.587243,
9e6342f28c2fd189,https://az.linkedin.com/jobs/view/%C9%99laq%C9%99-m%C9%99rk%C9%99zinin-ki%C3%A7ik-m%C3%BCt%C9%99x%C9%99ssisi-ax%C5%9Fam-b%C3%B6lm%C9%99si-at-life-at-accessbank-4441018402,Əlaqə Mərkəzinin Kiçik Mütəxəssisi (axşam bölməsi),,scraped,2026-07-22T08:01:49.564942,
4d26f02b34a35a4b,https://az.linkedin.com/jobs/view/accountant-sr-at-halliburton-4442066379,"Accountant, Sr",Halliburton,posted,2026-07-22T08:02:06.075350,471
40184c0f4589a327,https://az.linkedin.com/jobs/view/cost-controller-at-fairmont-hotels-resorts-4405036400,Cost Controller,Fairmont Hotels &amp; Resorts,posted,2026-07-22T08:02:15.936722,473
1516a3b831d68119,https://az.linkedin.com/jobs/view/onshore-project-control-lead-at-iota-group-4442704119,Onshore Project Control Lead,,scraped,2026-07-22T08:02:18.599982,
755e5512d1b3445d,https://az.linkedin.com/jobs/view/senior-research-and-development-executive-at-milla-dairy-llc-4438702561,Senior Research and Development Executive,,scraped,2026-07-22T08:02:26.034658,
4ea5688852e3bb42,https://az.linkedin.com/jobs/view/ekvayrinq-layih%C9%99l%C9%99rinin-idar%C9%99-edilm%C9%99si-%C3%BCzr%C9%99-ba%C5%9F-m%C3%BCt%C9%99x%C9%99ssis-at-abb-4442541424,Ekvayrinq layihələrinin idarə edilməsi üzrə baş mütəxəssis,,scraped,2026-07-22T08:02:33.444847,
5e3a080e5a622427,https://az.linkedin.com/jobs/view/language-teacher-remote-at-crossing-hurdles-4441733092,Language Teacher | Remote,Crossing Hurdles,posted,2026-07-22T08:02:45.082186,177
d559af413ebbc7dc,https://az.linkedin.com/jobs/view/job-description-%E2%80%93-customer-support-representative-safety-at-aceolution-4438713842,Job Description – Customer Support Representative (Safety),Aceolution,posted,2026-07-22T08:02:54.317966,475
b0d866d2b9ee7cdd,https://az.linkedin.com/jobs/view/pbx-agent-local-at-the-ritz-carlton-hotel-company-l-l-c-4442654423,PBX Agent (Local),"The Ritz-Carlton Hotel Company, L.L.C.",posted,2026-07-22T08:03:07.427985,477
96b06431ee95618a,https://az.linkedin.com/jobs/view/leading-it-business-analyst-software-and-integrations-development-unit-at-life-at-accessbank-4441019308,Leading IT Business Analyst (Software and Integrations Development Unit),,scraped,2026-07-22T08:03:10.245680,
47a9a4664d7dae12,https://az.linkedin.com/jobs/view/f-b-admin-local-at-marriott-international-4442945734,F&B Admin (Local),Marriott International,posted,2026-07-22T08:03:25.143971,479
97d7506febeb672e,https://az.linkedin.com/jobs/view/rabit%C9%99bank-asc-i%CC%87t-infrastrukturu-departamentinin-i%CC%87nfrastrukturun-idar%C9%99-edilm%C9%99si-%C5%9F%C3%B6b%C9%99sind%C9%99-%C5%9F%C9%99b%C9%99k%C9%99-i%CC%87nzibat%C3%A7%C4%B1s%C4%B1-at-rabitabank-ojsc-4442025221,"""Rabitəbank"" ASC İT infrastrukturu departamentinin İnfrastrukturun idarə edilməsi şöbəsində Şəbəkə İnzibatçısı",,scraped,2026-07-22T08:03:27.827845,
8f1d522de85198b8,https://az.linkedin.com/jobs/view/housekeeper-local-at-marriott-international-4442651601,Housekeeper (Local),Marriott International,posted,2026-07-22T08:03:42.501022,481
f4968bc924a12f14,https://az.linkedin.com/jobs/view/operations-engineer-baku-at-xsolla-4397171496,"Operations Engineer, Baku",Xsolla,posted,2026-07-22T08:03:51.223048,483
6b7ba6350a0783c4,https://az.linkedin.com/jobs/view/warehousespecialist-at-baker-hughes-4443005055,WarehouseSpecialist,Baker Hughes,posted,2026-07-22T08:04:02.424470,485
7be3d3e7286e359a,https://az.linkedin.com/jobs/view/data-engineer-%E2%80%93-mva-inference-audience-development-remote-global-at-reliance-automated-verified-leads-llc-4442722982,"Data Engineer – MVA Inference & Audience Development (Remote, Global)","Reliance Automated Verified Leads, LLC",posted,2026-07-22T08:04:12.767494,487
6295a2863e3ce9c6,https://az.linkedin.com/jobs/view/quality-control-inspection-supervisor-at-airswift-4440449881,Quality Control inspection Supervisor,Airswift,posted,2026-07-22T08:04:22.178775,489
94904d160a33db10,https://az.linkedin.com/jobs/view/chef-de-cuisine-at-accor-4442931358,Chef de Cuisine,Accor,posted,2026-07-22T08:04:29.948987,397
1727e30eb69b2e61,https://az.linkedin.com/jobs/view/software-development-director-at-xsolla-4347564052,Software Development Director,Xsolla,posted,2026-07-22T08:04:42.970703,491
46de3a8bad7e1ccb,https://az.linkedin.com/jobs/view/general-practitioner-partner-azerbaijan-at-institute-of-andrology-and-sexual-health-4440171009,General Practitioner - Partner (Azerbaijan),,scraped,2026-07-22T08:04:45.763674,
6ceedb62c8a28e80,https://az.linkedin.com/jobs/view/sat%C4%B1%C5%9F-meneceri-4431248767,Satış Meneceri,GB Groups,posted,2026-07-22T08:04:56.896830,493
294eb2fcc8ac4721,https://az.linkedin.com/jobs/view/site-fabrication-engineer-at-subsea7-4442592534,Site Fabrication Engineer,,scraped,2026-07-22T08:04:59.568109,
bd6643e8d6de769e,https://az.linkedin.com/jobs/view/laundry-attendant-at-accor-4444097994,Laundry Attendant,Accor,failed|wp_post_failed,2026-07-24T07:45:44.982662,
5668c1e54f106fae,https://az.linkedin.com/jobs/view/steward-at-accor-4444318109,Steward,Accor,failed|wp_post_failed,2026-07-24T07:45:56.148464,
22c987766ceaaeb8,https://az.linkedin.com/jobs/view/cost-engineer-estimator-at-crystalia-glass-llc-4443395316,Cost Engineer-Estimator,Crystalia Glass LLC,failed|wp_post_failed,2026-07-24T07:46:08.612599,
b530935f33f3d0c2,https://az.linkedin.com/jobs/view/ba%C5%9F-m%C3%BChasib-4441052147,Baş mühasib,Fisheries and Aquaculture Center,failed|wp_post_failed,2026-07-24T07:46:21.078672,
da2391973f023cb1,https://az.linkedin.com/jobs/view/birbank-auditor-coe-%C9%99m%C9%99liyyat-komplayens-v%C9%99-davaml%C4%B1-audit-at-pasha-holding-llc-4444410967,"Birbank- Auditor (CoE-Əməliyyat, Komplayens və Davamlı Audit)",,scraped,2026-07-24T07:46:29.692133,
e6cbac923b30dc60,https://az.linkedin.com/jobs/view/license-owner-operator-baku-at-stranger-soccer-4444779316,"License Owner & Operator, Baku",,scraped,2026-07-24T07:46:37.052450,
fa783a74fc230a85,https://az.linkedin.com/jobs/view/edpb-plenary-%E2%80%93-adopted-documents-at-efdpo-european-federation-of-data-protection-officers-4444261893,EDPB Plenary – adopted documents,,scraped,2026-07-24T07:46:43.300337,
0c6077838eb21085,https://az.linkedin.com/jobs/view/n%C9%99zar%C9%99t-%C5%9F%C3%B6b%C9%99sin%C9%99-analitika-%C3%BCzr%C9%99-t%C9%99cr%C3%BCb%C9%99%C3%A7i-at-life-at-bir-4443140281,Nəzarət şöbəsinə analitika üzrə təcrübəçi,,scraped,2026-07-24T07:46:52.297583,
7d4273fd5fab2105,https://az.linkedin.com/jobs/view/m%C3%BC%C5%9Ft%C9%99ri-xidm%C9%99tl%C9%99ri-%C3%BCzr%C9%99-ki%C3%A7ik-m%C3%BCt%C9%99x%C9%99ssis-m%C3%BCt%C9%99x%C9%99ssis-xank%C9%99ndi-filial%C4%B1-at-life-at-accessbank-4441007902,Müştəri Xidmətləri üzrə kiçik mütəxəssis/mütəxəssis (Xankəndi filialı),,scraped,2026-07-24T07:47:01.113897,
99c3244ac1cc995c,https://az.linkedin.com/jobs/view/m%C3%BC%C5%9Ft%C9%99ri-xidm%C9%99tl%C9%99ri-%C3%BCzr%C9%99-ki%C3%A7ik-m%C3%BCt%C9%99x%C9%99ssis-m%C3%BCt%C9%99x%C9%99ssis-l%C3%B6kbatan-filial%C4%B1-at-life-at-accessbank-4441008820,Müştəri Xidmətləri üzrə kiçik mütəxəssis/mütəxəssis (Lökbatan filialı),,scraped,2026-07-24T07:47:07.132010,
c94f22a40525b94f,https://az.linkedin.com/jobs/view/m%C3%BC%C5%9Ft%C9%99ri-xidm%C9%99tl%C9%99ri-%C3%BCzr%C9%99-ki%C3%A7ik-m%C3%BCt%C9%99x%C9%99ssis-m%C3%BCt%C9%99x%C9%99ssis-zaqatala-filial%C4%B1-at-life-at-accessbank-4441023102,Müştəri Xidmətləri üzrə kiçik mütəxəssis/mütəxəssis (Zaqatala filialı),,scraped,2026-07-24T07:47:13.024988,
3e84634eab156062,https://az.linkedin.com/jobs/view/administrative-assistant-at-accor-4444314777,Administrative Assistant,Accor,failed|wp_post_failed,2026-07-24T07:47:27.691631,
94e4eccf2807f156,https://az.linkedin.com/jobs/view/local-regulatory-affairs-associate-pharmaceutical-registration-in-azerbaijan-at-upwork-4441549368,Local Regulatory Affairs Associate - Pharmaceutical Registration in Azerbaijan,Upwork,failed|wp_post_failed,2026-07-24T07:47:36.038607,
2d271fe8d25c9932,https://az.linkedin.com/jobs/view/fintexl%C9%99rl%C9%99-i%C5%9F-%C3%BCzr%C9%99-m%C3%BCt%C9%99x%C9%99ssis-apar%C4%B1c%C4%B1-m%C3%BCt%C9%99x%C9%99ssis-at-abb-4442548156,Fintexlərlə iş üzrə mütəxəssis / aparıcı mütəxəssis,,scraped,2026-07-24T07:47:40.552274,
3dd435b7bf7b9e33,https://az.linkedin.com/jobs/view/qeydiyyat-v%C9%99-prosesl%C9%99rin-idar%C9%99-edilm%C9%99si-%C3%BCzr%C9%99-ki%C3%A7ik-m%C3%BCt%C9%99x%C9%99ssis-m%C3%BCt%C9%99x%C9%99ssis-at-abb-4442520940,Qeydiyyat və proseslərin idarə edilməsi üzrə kiçik mütəxəssis / mütəxəssis,,scraped,2026-07-24T07:47:47.058695,
2f48fa3103b63185,https://az.linkedin.com/jobs/view/daxili-audit-ekspertiza-m%C9%99rk%C9%99zin%C9%99-auditor-apar%C4%B1c%C4%B1-auditor-ba%C5%9F-auditor-at-abb-4444459359,Daxili audit ekspertiza mərkəzinə Auditor/Aparıcı auditor/Baş auditor,,scraped,2026-07-24T07:47:53.634834,
a941708e7c9bf5a2,https://az.linkedin.com/jobs/view/chef-de-partie-at-accor-4441759487,Chef de Partie,Accor,failed|wp_post_failed,2026-07-24T07:48:10.001348,
043541b87093077c,https://az.linkedin.com/jobs/view/m%C3%BCh%C9%99ndis-balaxan%C4%B1-%C9%99razisi-at-azerlime-llc-4444708137,Mühəndis (Balaxanı ərazisi),,scraped,2026-07-24T07:48:12.586299,
ceadae7fccdaef8f,https://az.linkedin.com/jobs/view/data-research-steward-at-link-contractors-4443141142,Data Research Steward,Link Contractors,failed|wp_post_failed,2026-07-24T07:48:23.346720,
49de040658eccc95,https://az.linkedin.com/jobs/view/hostess-local-at-the-ritz-carlton-hotel-company-l-l-c-4441389913,Hostess (Local),"The Ritz-Carlton Hotel Company, L.L.C.",failed|wp_post_failed,2026-07-24T07:48:31.834268,
8d8211335fa8a84d,https://az.linkedin.com/jobs/view/wealth-management-consultant-at-devere-group-4442452070,Wealth Management Consultant,,scraped,2026-07-24T07:48:34.456135,
794e3c732168d308,https://az.linkedin.com/jobs/view/business-development-manager-apple-%D0%B22%D0%B2-at-asbis-azerbaijan-4443785064,Business Development Manager Apple (В2В),,scraped,2026-07-24T07:48:44.196930,
b0c4cfe66acc1082,https://az.linkedin.com/jobs/view/welding-engineer-at-sofomation-4444291333,Welding Engineer,Sofomation,failed|wp_post_failed,2026-07-24T07:49:05.846287,
f08ae21740a8871d,https://az.linkedin.com/jobs/view/operations-manager-at-bolt-4432969172,Operations Manager,,scraped,2026-07-24T07:49:08.403507,
1bb140e33e07fd4e,https://az.linkedin.com/jobs/view/tax-specialist-at-holcim-4443525797,Tax specialist,,scraped,2026-07-24T07:49:14.822346,
d1362ba4ac15bef5,https://az.linkedin.com/jobs/view/english-teacher-4440147882,English Teacher,Edu Sky Kids Academy,failed|wp_post_failed,2026-07-24T07:49:26.300955,
68a7f4aacfb2fe0b,https://az.linkedin.com/jobs/view/presentation-designer-remote-contract-at-infuse-4442796348,"Presentation Designer (Remote, Contract)",INFUSE,posted,2026-07-26T07:56:57.399338,495
436e951b8d9c9cf4,https://az.linkedin.com/jobs/view/customer-support-operator-at-forward-4442272024,Customer Support Operator,Forward,posted,2026-07-26T07:57:06.847456,497
e7e0c6bb080d188a,https://az.linkedin.com/jobs/view/reporting-analyst-at-bp-4440494176,Reporting Analyst,bp,posted,2026-07-26T07:57:17.484341,499
e83d1e7c406efc2d,https://az.linkedin.com/jobs/view/%C5%9F%C3%B6b%C9%99-m%C3%BCdir-m%C3%BCavini-sat%C4%B1nalmalar-v%C9%99-t%C9%99chizat-z%C9%99ncirinin-idar%C9%99olunmas%C4%B1-%C5%9F%C3%B6b%C9%99si-at-azergold-%E2%80%8B-cjsc-4441005361,Şöbə müdir müavini / Satınalmalar və təchizat zəncirinin idarəolunması şöbəsi,,scraped,2026-07-26T07:57:20.017625,
4bd3dc2366fa7c64,https://az.linkedin.com/jobs/view/%C9%99l-tmm-b%C3%B6lm%C9%99sinin-ba%C5%9F-eksperti-at-bank-of-baku-ojsc-4440471778,ƏL/TMM bölməsinin baş eksperti,,scraped,2026-07-26T07:57:27.387643,
3b027c00b41546e9,https://az.linkedin.com/jobs/view/r%C9%99q%C9%99msal-d%C9%99l%C9%99duzluq-il%C9%99-m%C3%BCbariz%C9%99-b%C3%B6lm%C9%99sinin-apar%C4%B1c%C4%B1-ba%C5%9F-m%C3%BCt%C9%99x%C9%99ssisi-at-unibank-4444625009,Rəqəmsal dələduzluq ilə mübarizə bölməsinin Aparıcı/Baş Mütəxəssisi,,scraped,2026-07-26T07:57:35.235080,
b40f84aaf2682a45,https://az.linkedin.com/jobs/view/fellow-business-analyst-at-mckinsey-company-4358734619,Fellow Business Analyst,McKinsey &amp; Company,posted,2026-07-26T07:57:47.989191,501
de6411c0a30a3a24,https://az.linkedin.com/jobs/view/jr-counsellor-at-seed-global-education-4442740214,Jr. Counsellor,,scraped,2026-07-26T07:57:50.600138,
04ccd555b6d4867b,https://az.linkedin.com/jobs/view/sektor-m%C3%BCdiri-maliyy%C9%99-%C5%9F%C3%B6b%C9%99si-korporativ-sisteml%C9%99r-v%C9%99-data-idar%C9%99etm%C9%99si-sektoru-at-azergold-%E2%80%8B-cjsc-4441847156,Sektor müdiri / Maliyyə şöbəsi / Korporativ sistemlər və data idarəetməsi sektoru,,scraped,2026-07-26T07:57:59.002884,
98f12f03837b4235,https://az.linkedin.com/jobs/view/quotation-specialist-at-kisasa-designs-4444804131,QUOTATION SPECIALIST,,scraped,2026-07-26T07:58:10.161331,
33596ec702ea8dad,https://az.linkedin.com/jobs/view/dax-do-quiz-at-data-goblins-4441581975,DAX.do quiz,,scraped,2026-07-26T07:58:22.148664,
fd446840db0ebdab,https://az.linkedin.com/jobs/view/m%C3%BC%C5%9Ft%C9%99ri-xidm%C9%99tl%C9%99ri-%C3%BCzr%C9%99-m%C3%BCt%C9%99x%C9%99ssis-apar%C4%B1c%C4%B1-m%C3%BCt%C9%99x%C9%99ssis-g%C9%99nc%C9%99-filial%C4%B1-at-life-at-accessbank-4441024035,Müştəri Xidmətləri üzrə mütəxəssis/aparıcı mütəxəssis (Gəncə filialı),,scraped,2026-07-26T07:58:41.933218,
6ab57b1225841844,https://az.linkedin.com/jobs/view/brand-ambassador-at-veyseloglu-llc-4442094307,Brand Ambassador,,scraped,2026-07-26T07:58:48.050926,
1710229fa2882ff5,https://az.linkedin.com/jobs/view/housekeeping-attendant-at-accor-4444656194,Housekeeping Attendant,Accor,posted,2026-07-26T07:59:00.537336,56
12f1f6794ac2fbb3,https://az.linkedin.com/jobs/view/hr-recruitment-specialist-oil-gas-at-orion-group-4444449483,HR & Recruitment Specialist (Oil & Gas),,scraped,2026-07-26T07:59:05.129597,
08d696f7c409c35c,https://az.linkedin.com/jobs/view/fullstack-developer-at-eigroup-4444986606,Fullstack Developer,,scraped,2026-07-26T07:59:12.352564,
477d35d4fe366d2e,https://az.linkedin.com/jobs/view/senior-channel-sales-manager-at-redington-central-asia-caucasus-4441505301,Senior Channel Sales Manager,Redington Central Asia &amp; Caucasus,posted,2026-07-26T07:59:25.562566,503
63ce7852518c742a,https://az.linkedin.com/jobs/view/model-riskl%C9%99rinin-i%CC%87dar%C9%99-edilm%C9%99si-%C3%BCzr%C9%99-t%C9%99cr%C3%BCb%C9%99%C3%A7i-at-life-at-bir-4444330823,Model Risklərinin İdarə Edilməsi üzrə Təcrübəçi,,scraped,2026-07-26T07:59:32.120969,
6e6cbb316a5321ae,https://az.linkedin.com/jobs/view/external-auditor-associate-at-ckh-group-4442673002,External Auditor (Associate),CKH Group,posted,2026-07-26T07:59:44.826818,505
35d4a5b2de7d4f01,https://az.linkedin.com/jobs/view/credit-market-risk-audit-within-birbank-manager-at-pasha-holding-llc-4444952132,Credit & Market Risk Audit within Birbank (Manager),,scraped,2026-07-26T07:59:47.358999,
5cfb72e9f1c3c37a,https://az.linkedin.com/jobs/view/technical-consultant-at-redington-central-asia-caucasus-4441088924,Technical Consultant,Redington Central Asia &amp; Caucasus,posted,2026-07-26T08:00:01.207940,507
b31d7a04732a8a90,https://az.linkedin.com/jobs/view/social-media-manager-at-pickvisa-azerbaijan-4441024975,Social Media Manager,,scraped,2026-07-26T08:00:05.776923,
91fa9435e48fc581,https://az.linkedin.com/jobs/view/%D0%B1%D0%B0%D1%80%D0%B8%D1%81%D1%82%D0%B0-at-efendiler-group-4441883804,Бариста,,scraped,2026-07-26T08:00:11.802878,
7c96d64c33b68a5c,https://az.linkedin.com/jobs/view/refinish-technician-at-gerber-collision-glass-4442211953,Refinish Technician,Gerber Collision & Glass,posted,2026-07-26T08:00:25.560768,509
48f17257505da133,https://az.linkedin.com/jobs/view/golf-academy-supervisor-at-azersun-holding-4440105517,Golf Academy Supervisor,,scraped,2026-07-26T08:00:30.122948,
2ba6edf6f984d847,https://az.linkedin.com/jobs/view/service-centre-technician-at-sicpa-4444298813,Service Centre Technician,,scraped,2026-07-26T08:00:39.068181,
e1aab8bbb81f9889,https://az.linkedin.com/jobs/view/iso-9001-keyfiyy%C9%99t-i%CC%87dar%C9%99etm%C9%99-sisteml%C9%99ri-%C3%BCzr%C9%99-t%C9%99lim%C3%A7i-at-proteach-4441811159,ISO 9001 Keyfiyyət İdarəetmə Sistemləri üzrə Təlimçi,,scraped,2026-07-26T08:00:45.814755,
683dc09bd6445b24,https://az.linkedin.com/jobs/view/recruitment-specialist-4441843602,Recruitment Specialist,ChemHRLAB,posted,2026-07-26T08:00:57.067727,511
b5b7ec6c3dcb8f9d,https://az.linkedin.com/jobs/view/fitness-attendant-at-marriott-international-4442646677,Fitness Attendant,Marriott International,posted,2026-07-26T08:01:06.710043,513
4d58ce5cd8c2cd49,https://az.linkedin.com/jobs/view/district-manager-at-egis-pharmaceuticals-plc-4443376935,District manager,,scraped,2026-07-26T08:01:09.305376,
f70754cd1de1814a,https://az.linkedin.com/jobs/view/lead-server-at-accor-4443462079,Lead Server,Accor,posted,2026-07-26T08:01:21.677940,375
c78b0fa4f730e646,https://az.linkedin.com/jobs/view/topside-quality-inspector-mechanical-inspector-at-orion-group-4444438739,Topside Quality Inspector_Mechanical Inspector,,scraped,2026-07-26T08:01:24.272001,
a1274ad9a8ee57ae,https://az.linkedin.com/jobs/view/technical-service-operations-lead-tso-lead-baku-at-xsolla-4397169515,"Technical Service Operations Lead (TSO Lead), Baku",Xsolla,posted,2026-07-26T08:01:37.190929,515
077368d53f363379,https://az.linkedin.com/jobs/view/bi%CC%87si%CC%87kleti%CC%87ni%CC%87-kap-gel-19-mayis-gen%C3%A7li%CC%87k-r%C3%BCzgari-adli-etki%CC%87nli%CC%87k-ger%C3%A7ekle%C5%9Fti%CC%87ri%CC%87ldi%CC%87-at-c%CC%A7ank%C4%B1r%C4%B1-karatekin-u%CC%88niversitesi-4444447175,"""BİSİKLETİNİ KAP GEL: 19 MAYIS GENÇLİK RÜZGARI"" ADLI ETKİNLİK GERÇEKLEŞTİRİLDİ",Çankırı Karatekin Üniversitesi,posted,2026-07-26T08:01:47.868639,517
3c10e700dc447bfd,https://az.linkedin.com/jobs/view/quality-control-qc-inspection-supervisor-pipelay-barge-plbh-at-orion-group-4443374586,Quality Control (QC) Inspection Supervisor - Pipelay Barge (PLBH),,scraped,2026-07-26T08:01:52.422604,
8e77041d95a82f94,https://az.linkedin.com/jobs/view/clinician-promotion-specialist-at-roche-4443111838,Clinician Promotion Specialist,,scraped,2026-07-26T08:01:59.127054,
ce6f31bc9c9abef0,https://az.linkedin.com/jobs/view/topside-quality-inspector-mechanical-inspector-nationals-only-at-airswift-4444286885,"Topside Quality Inspector ,Mechanical Inspector(Nationals Only)",Airswift,posted,2026-07-26T08:02:18.954535,519
6e1ba0cc53deb6b2,https://az.linkedin.com/jobs/view/middle%2B-ai-agentic-qa-automation-engineer-at-a1qa-4441801202,Middle+ AI Agentic QA Automation Engineer,a1qa,posted,2026-07-26T08:02:29.696079,217
3a1d734f294af09d,https://az.linkedin.com/jobs/view/automated-subsea-pig-launcher-lead-at-iota-group-4443309134,Automated Subsea Pig Launcher Lead,,scraped,2026-07-26T08:02:32.360935,
ddfd93685a6d3604,https://az.linkedin.com/jobs/view/ergoterapist-4443780457,Ergoterapist,Azerbaycan’da özel bir kurum,posted,2026-07-26T08:02:43.619276,521
1624d584e7de2902,https://az.linkedin.com/jobs/view/lead-ai-engineer-at-epam-systems-4427840087,Lead AI Engineer,EPAM Systems,posted,2026-07-26T08:02:51.395635,523
cc8c387455c2406b,https://az.linkedin.com/jobs/view/i%CC%87nformasiya-sisteml%C9%99rinin-m%C3%BChafiz%C9%99si-%C5%9F%C3%B6b%C9%99sinin-apar%C4%B1c%C4%B1-ba%C5%9F-m%C3%BCt%C9%99x%C9%99ssisi-at-unibank-4445131579,İnformasiya sistemlərinin mühafizəsi Şöbəsinin Aparıcı / Baş mütəxəssisi,,scraped,2026-07-28T08:06:46.033069,
6e2ba343ee39a4e9,https://az.linkedin.com/jobs/view/mikromaliyy%C9%99l%C9%99%C5%9Fdirm%C9%99-%C3%BCzr%C9%99-ki%C3%A7ik-m%C3%BCt%C9%99x%C9%99ssis-at-unibank-4443848957,Mikromaliyyələşdirmə üzrə kiçik Mütəxəssis,,scraped,2026-07-28T08:06:56.844846,
38825aa77b920bf4,https://az.linkedin.com/jobs/view/international-aid-and-cooperation-officer-at-eubam-libya-4445967537,INTERNATIONAL AID AND COOPERATION OFFICER,,scraped,2026-07-28T08:07:03.554667,
9697983967241ef5,https://az.linkedin.com/jobs/view/m%C9%99rk%C9%99zl%C9%99%C5%9Fmi%C5%9F-sat%C4%B1%C5%9F-%C3%BCzr%C9%99-m%C3%BCt%C9%99x%C9%99ssis-at-unibank-4443129601,Mərkəzləşmiş satış üzrə Mütəxəssis,,scraped,2026-07-28T08:08:15.125186,
b96f6e3ae9a9cfd0,https://az.linkedin.com/jobs/view/korporativ-aktlar%C4%B1n-h%C3%BCquqi-t%C9%99minat%C4%B1-%C5%9F%C3%B6b%C9%99sinin-ki%C3%A7ik-h%C3%BCquq%C5%9F%C3%BCnas%C4%B1-at-bank-of-baku-ojsc-4441828226,Korporativ aktların hüquqi təminatı şöbəsinin kiçik hüquqşünası,,scraped,2026-07-28T08:08:21.767203,
3d5bfe9fcea7d7ff,https://az.linkedin.com/jobs/view/middle-frontend-developer-at-jobu-4445109304,Middle Frontend Developer,,scraped,2026-07-28T08:09:35.461572,
87dcc882fb2f37c5,https://az.linkedin.com/jobs/view/sisteml%C9%99rin-idar%C9%99-edilm%C9%99si-b%C3%B6lm%C9%99sinin-ba%C5%9F-m%C3%BCt%C9%99x%C9%99ssisi-at-life-at-bir-4445159869,Sistemlərin idarə edilməsi bölməsinin baş mütəxəssisi,,scraped,2026-07-28T08:09:42.665172,
1c1b0c54bd4a18ae,https://az.linkedin.com/jobs/view/data-scientist-at-pasha-holding-llc-4445683174,Data Scientist,,scraped,2026-07-28T08:09:49.990071,
03ffa472bdeed0da,https://az.linkedin.com/jobs/view/junior-interior-designer-at-kisasa-designs-4444696206,JUNIOR INTERIOR DESIGNER,,scraped,2026-07-28T08:09:56.770876,
6fefff54a5afc3fd,https://az.linkedin.com/jobs/view/%C3%A7a%C4%9Fr%C4%B1-m%C9%99rk%C9%99zi-operatoru-at-ayna-life-4445922688,Çağrı mərkəzi operatoru,AYNA Life,posted,2026-07-28T08:10:14.661104,525
03f1f3bcec91d003,https://az.linkedin.com/jobs/view/daha-fazla-at-bostanc%C4%B1-ikinci-el-e%C5%9Fya-alanlar-0532-466-22-39-4444613609,Daha fazla,,scraped,2026-07-28T08:10:17.411109,
d8da3f185ba6dcda,https://az.linkedin.com/jobs/view/project-coordinator-intern-at-montfortlab-4442830730,Project Coordinator Intern,Montfortlab,posted,2026-07-28T08:10:30.925337,527
d33927b0eff8df73,https://az.linkedin.com/jobs/view/i%CC%87qtisad%C3%A7%C4%B1-at-jobu-4445120200,İqtisadçı,,scraped,2026-07-28T08:10:35.840583,
0b251d14cc3ec323,https://az.linkedin.com/jobs/view/business-analyst-intern-at-montfortlab-4442844833,Business Analyst Intern,Montfortlab,posted,2026-07-28T08:10:46.431276,247
fd1dbd9803b72681,https://az.linkedin.com/jobs/view/server-at-accor-4443457108,Server,Accor,posted,2026-07-28T08:10:58.447884,529
6441199727475656,https://az.linkedin.com/jobs/view/sat%C4%B1%C5%9F-m%C9%99sl%C9%99h%C9%99t%C3%A7isi-siy%C9%99z%C9%99n-at-jobu-4444897726,Satış məsləhətçisi (Siyəzən),,scraped,2026-07-28T08:11:02.798812,
afdec9d9a729e129,https://az.linkedin.com/jobs/view/hr-project-coordinator-at-xsolla-4441813812,HR Project Coordinator,Xsolla,posted,2026-07-28T08:11:16.452347,531
e5db0d51d183ba3c,https://az.linkedin.com/jobs/view/cnc-torna-operatoru-at-metak-llc-4444860470,CNC torna operatoru,METAK LLC,posted,2026-07-28T08:11:33.388948,533
4324401d47f0ed39,https://az.linkedin.com/jobs/view/flutter-developer-%C3%B6d%C9%99ni%C5%9Fl%C9%99r-biznesi-at-life-at-bir-4443182396,Flutter developer - Ödənişlər biznesi,,scraped,2026-07-28T08:11:36.062624,
ec1ca15660dcf5a3,https://az.linkedin.com/jobs/view/keyword-rankings-at-adconversion-4444833953,Keyword Rankings,AdConversion,posted,2026-07-28T08:11:49.321092,535
37d40a93e9709583,https://az.linkedin.com/jobs/view/key-performance-indicator-kpi-at-adconversion-4444825929,Key Performance Indicator (KPI),AdConversion,posted,2026-07-28T08:11:57.702234,537
043b116836be03ae,https://az.linkedin.com/jobs/view/ki%C3%A7ik-inspektor-yevlax-v%C9%99-ming%C9%99%C3%A7evir-regionlar%C4%B1-%C3%BCzr%C9%99-at-ayna-life-4445917745,Kiçik inspektor (Yevlax və Mingəçevir regionları üzrə),AYNA Life,posted,2026-07-28T08:12:12.968008,539
32fd82d33d75d06d,https://az.linkedin.com/jobs/view/quba-%C5%9Fabran-filiallar%C4%B1-%C3%BCzr%C9%99-filial-kredit-sat%C4%B1%C5%9F-i%CC%87%C5%9F%C3%A7isi-at-jobu-4445103363,"Quba, Şabran filialları üzrə Filial Kredit Satış İşçisi",,scraped,2026-07-28T08:12:19.315105,
0b55418da7383478,https://az.linkedin.com/jobs/view/vertriebsprofi-sales-im-au%C3%9Fendienst-m-w-d-im-bereich-gastronomie-hotellerie-f%C3%BCr-das-verkaufsgebiet-salzburg-at-rungis-express-gmbh-4445202826,Vertriebsprofi Sales im Außendienst (m/w/d) im Bereich Gastronomie & Hotellerie für das Verkaufsgebiet Salzburg,,scraped,2026-07-28T08:12:28.257708,
48d978a15a03bc2b,https://az.linkedin.com/jobs/view/p-c-trainee-at-jti-4443872294,P&C TRAINEE,JTI,posted,2026-07-28T08:13:51.794031,541
59998a2d6190f4b9,https://az.linkedin.com/jobs/view/keyword-cannibalization-at-adconversion-4444825930,Keyword Cannibalization,AdConversion,posted,2026-07-28T08:14:00.791728,543
52633d1b3340d4a7,https://az.linkedin.com/jobs/view/cook-at-marriott-international-4442945737,Cook,Marriott International,posted,2026-07-28T08:14:09.876309,545
d4999bbc4b89ca2f,https://az.linkedin.com/jobs/view/myp-history-teacher-2026-2027-academic-year-at-european-azerbaijan-school-4442362293,MYP History Teacher (2026-2027 Academic Year),,scraped,2026-07-28T08:14:18.505626,
410da7afa40a81d1,https://az.linkedin.com/jobs/view/%D1%81%D0%BF%D0%B5%D1%86%D0%B8%D0%B0%D0%BB%D0%B8%D1%81%D1%82-%D0%BF%D0%BE-%D0%B4%D0%BE%D0%BA%D1%83%D0%BC%D0%B5%D0%BD%D1%82-%D0%BA%D0%BE%D0%BD%D1%82%D1%80%D0%BE%D0%BB%D1%8E-at-sea-breeze-careers-4443246256,Специалист по документ-контролю,Sea Breeze Careers,posted,2026-07-28T08:14:36.698848,547
223594fa235f778d,https://az.linkedin.com/jobs/view/technical-lead-software-architect-angular-node-js-mongodb-at-glorri-inc-4442868168,Technical Lead / Software Architect (Angular | Node.js | MongoDB),,scraped,2026-07-28T08:14:39.350951,
bc1d6651c9b0f3ea,https://az.linkedin.com/jobs/view/it-service-engineer-%E2%80%93-systems-administrator-at-sicpa-4444297769,IT Service Engineer – Systems Administrator,,scraped,2026-07-28T08:14:46.299143,
05be82fc0aec1bcc,https://az.linkedin.com/jobs/view/m%C3%BChasib-at-aral-group-baku-4442805160,Mühasib,,scraped,2026-07-28T08:14:55.209569,
4696e7e49e6a72cf,https://az.linkedin.com/jobs/view/field-service-technician-at-sicpa-4444403931,Field Service Technician,,scraped,2026-07-28T08:15:02.132389,
57c76d18e6c4c6ac,https://az.linkedin.com/jobs/view/senior-control-instrumentation-engineer-baku-at-pd-ms-group-4441810112,Senior Control & Instrumentation Engineer (Baku),,scraped,2026-07-28T08:15:17.217404,
0d18a9f49f307a5c,https://az.linkedin.com/jobs/view/lead-process-technical-safety-engineer-baku-at-pd-ms-group-4441598652,Lead Process Technical Safety Engineer (Baku),,scraped,2026-07-28T08:15:32.753338,
3b67dcf08ac34755,https://az.linkedin.com/jobs/view/quality-assurance-quality-control-inspector-at-pd-ms-group-4441586997,Quality Assurance Quality Control Inspector,,scraped,2026-07-28T08:16:47.061750,
171f9cc425e281e5,https://az.linkedin.com/jobs/view/kaspi-abituriyent-m%C9%99kt%C9%99bi-g%C9%99nc%C9%99-t%C9%99dris-korpusu-%C3%BC%C3%A7%C3%BCn-2026-2027-ci-t%C9%99dris-ili-%C3%BCzr%C9%99-pe%C5%9F%C9%99kar-m%C3%BC%C9%99lliml%C9%99r-axtar%C4%B1r%21-at-kaspi-education-4442616152,Kaspi Abituriyent Məktəbi- Gəncə Tədris Korpusu üçün 2026-2027-ci tədris ili üzrə peşəkar müəllimlər axtarır!,,scraped,2026-07-28T08:16:56.367927,
f67814710438ab6d,https://az.linkedin.com/jobs/view/procurement-specialist-gadabay-at-azerbaijan-international-mining-company-limited-4446585069,Procurement Specialist (Gadabay),Azerbaijan International Mining Company Limited,posted,2026-07-30T07:46:19.920923,549
8f0821465f68884c,https://az.linkedin.com/jobs/view/qa-m%C3%BCt%C9%99x%C9%99ssis-at-bank-respublika-4444116774,QA mütəxəssis,,scraped,2026-07-30T07:46:22.615355,
0fdad33efb6db5e5,https://az.linkedin.com/jobs/view/%D0%BE%D1%82%D0%B4%D0%B5%D0%BB-%D0%BB%D0%BE%D0%B3%D0%B8%D1%81%D1%82%D0%B8%D0%BA%D0%B8-at-ruzgar-logistics-4442304679,Отдел логистики,,scraped,2026-07-30T07:46:33.434153,
c62f9b3a334da209,https://az.linkedin.com/jobs/view/ba%C5%9F-zootexnik-at-az%C9%99raqrar-di%CC%87eb-life-4442805470,Baş zootexnik,Azəraqrar DİEB - life,posted,2026-07-30T07:46:50.512503,551
4622d1ec8629a5c1,https://az.linkedin.com/jobs/view/%D0%BC%D0%B5%D0%BD%D0%B5%D0%B4%D0%B6%D0%B5%D1%80-%D0%BF%D0%BE-%D1%80%D0%B0%D0%B1%D0%BE%D1%82%D0%B5-%D1%81-%D0%BA%D0%BB%D0%B8%D0%B5%D0%BD%D1%82%D0%B0%D0%BC%D0%B8-4443225688,Менеджер по работе с клиентами,CLIFF  GROUP  LLC,failed|wp_post_failed,2026-07-30T07:46:55.920076,
8c27627669b18ebf,https://az.linkedin.com/jobs/view/azerbaijan-at-chauffeur-center-4446507256,Azerbaijan,,scraped,2026-07-30T07:46:58.474905,
0bf8784c740a7be8,https://az.linkedin.com/jobs/view/my-chemical-story-why-i-left-the-fda-and-fear-for-its-future-at-c-en-chemical-engineering-news-4446813702,My Chemical Story: Why I left the FDA and fear for its future,,scraped,2026-07-30T07:47:09.390729,
31017e19cb0b133d,https://az.linkedin.com/jobs/view/ticari-marketinq-%C3%BCzr%C9%99-apar%C4%B1c%C4%B1-m%C3%BCt%C9%99x%C9%99ssis-at-veyseloglu-llc-4444365894,Ticari Marketinq üzrə Aparıcı Mütəxəssis,,scraped,2026-07-30T07:47:17.948246,
bde4bd6fcbe4a963,https://az.linkedin.com/jobs/view/conversation-moderator-at-you-will-speak-4444123025,Conversation moderator,,scraped,2026-07-30T07:47:25.156367,
67a4f22aafeebe13,https://az.linkedin.com/jobs/view/sah%C9%99-monitorinqi-b%C3%B6lm%C9%99sinin-apar%C4%B1c%C4%B1-eksperti-at-bank-of-baku-ojsc-4441542570,Sahə monitorinqi bölməsinin aparıcı eksperti,,scraped,2026-07-30T07:47:31.586143,
b8a2a9974e320e07,https://az.linkedin.com/jobs/view/steam-lab-assistant-secondary-school-at-european-azerbaijan-school-4444100187,STEAM Lab Assistant (Secondary School),,scraped,2026-07-30T07:47:42.911384,
eefc859bc6c9a454,https://az.linkedin.com/jobs/view/regional-business-development-head-at-xsolla-4433952081,Regional Business Development Head,Xsolla,posted,2026-07-30T07:48:04.639355,553
0bc2993e2a76cdee,https://az.linkedin.com/jobs/view/business-analyst-intern-robotic-process-automation-rpa-data-governance-at-deloitte-4443278376,Business Analyst / Intern - Robotic Process Automation (RPA) & Data Governance,Deloitte,posted,2026-07-30T07:48:24.260950,555
c823d1d86b52a1d9,https://az.linkedin.com/jobs/view/heating-ventilation-and-air-conditioning-consultant-at-astem-lab-4443273295,"Heating, Ventilation, and Air Conditioning Consultant",Astem Lab,posted,2026-07-30T07:48:37.316890,557
ecfe09ec51e1beb5,https://az.linkedin.com/jobs/view/content-moderator-azerbaijani-based-in-malaysia-at-tp-4446577197,Content Moderator- Azerbaijani (Based in Malaysia),,scraped,2026-07-30T07:48:45.933301,
bead281d5d66f1c5,https://az.linkedin.com/jobs/view/power-and-automation-engineer-nationals-only-at-airswift-4444432364,Power and Automation Engineer (Nationals Only),Airswift,posted,2026-07-30T07:49:02.335761,559
7b18d40797ad41c1,https://az.linkedin.com/jobs/view/doorman-at-accor-4445770582,Doorman,Accor,posted,2026-08-01T07:40:02.258263,561
70140bd648fd6e40,https://az.linkedin.com/jobs/view/english-school-education-project-manager-at-british-council-4444135894,English & School Education Project Manager,British Council,posted,2026-08-01T07:40:39.795734,563
e94d75421bcccd53,https://az.linkedin.com/jobs/view/biznes-kreditl%C9%99rinin-t%C9%99hlili-%C5%9F%C3%B6b%C9%99sind%C9%99-ba%C5%9F-m%C3%BCt%C9%99x%C9%99ssis-ekspert-menecer-at-rabitabank-ojsc-4445756373,Biznes kreditlərinin təhlili şöbəsində Baş mütəxəssis / ekspert / menecer,,scraped,2026-08-01T07:40:42.332764,
5353ac589df3d1f5,https://az.linkedin.com/jobs/view/secretary-at-eubam-libya-4446160750,Secretary,,scraped,2026-08-01T07:40:49.957563,
5f4d5da0fcffa8fb,https://az.linkedin.com/jobs/view/electrical-maintenance-technician-at-gen-pharma-caucasus-manufacturing-operations-4443284583,Electrical Maintenance Technician,GEN PHARMA CAUCASUS MANUFACTURING OPERATIONS,posted,2026-08-01T07:41:05.413760,565
c4cf3a64a99dabce,https://az.linkedin.com/jobs/view/international-aid-and-cooperation-officer-at-eubam-libya-4446762542,INTERNATIONAL AID AND COOPERATION OFFICER,,scraped,2026-08-01T07:41:07.980916,
6748f127a7cfa453,https://az.linkedin.com/jobs/view/region-filiallar%C4%B1-%C3%BCzr%C9%99-k%C3%B6n%C3%BCll%C3%BC-beyl%C9%99qan-at-unibank-4444800147,Region filialları üzrə könüllü (Beyləqan),,scraped,2026-08-01T07:41:14.097982,
1b10d1b466cfa994,https://az.linkedin.com/jobs/view/water-systems-technician-at-gen-pharma-caucasus-manufacturing-operations-4443281549,Water Systems Technician,GEN PHARMA CAUCASUS MANUFACTURING OPERATIONS,posted,2026-08-01T07:41:28.419257,567
031d118cdd7d0e2e,https://az.linkedin.com/jobs/view/%C5%9F%C9%99b%C9%99k%C9%99nin-idar%C9%99-edilm%C9%99si-%C5%9F%C3%B6b%C9%99sind%C9%99-apar%C4%B1c%C4%B1-ba%C5%9F-m%C3%BCt%C9%99x%C9%99ssisi-at-life-at-bir-4445151942,Şəbəkənin idarə edilməsi şöbəsində aparıcı/baş mütəxəssisi,,scraped,2026-08-01T07:41:31.196267,
d1fa72a6d5fd12a0,https://az.linkedin.com/jobs/view/microsoft-dynamics-365-business-central-consultant-logistics-wms-at-smart-business-azerbaijan-4444169525,"Microsoft Dynamics 365 Business Central Consultant (Logistics, WMS)",,scraped,2026-08-01T07:41:37.764904,
d0f36d01c53f3e05,https://az.linkedin.com/jobs/view/sales-manager-at-burncode-llc-4445096989,Sales Manager,,scraped,2026-08-01T07:41:44.479286,
f592103e2e21d8a9,https://az.linkedin.com/jobs/view/director-of-revenue-and-reservations-at-fairmont-baku-flame-towers-4447270875,Director of Revenue and Reservations,,scraped,2026-08-01T07:41:51.064604,
44ceb248966c09ac,https://az.linkedin.com/jobs/view/texnologiya-v%C9%99-arxitektura-sah%C9%99sin%C9%99-platforma-m%C3%BCh%C9%99ndisliyi-%C3%BCzr%C9%99-ba%C5%9F-m%C3%BCt%C9%99x%C9%99ssis-at-abb-4444597125,Texnologiya və Arxitektura sahəsinə Platforma mühəndisliyi üzrə baş mütəxəssis,,scraped,2026-08-01T07:41:57.690577,
cc1211819724bf28,https://az.linkedin.com/jobs/view/devops-engineer-aws-kubernetes-automation-at-kidzonet-4444121813,DevOps Engineer (AWS / Kubernetes / Automation),,scraped,2026-08-01T07:42:04.287045,
3687349be31059ec,https://az.linkedin.com/jobs/view/proqram-t%C9%99minat%C4%B1-aktivl%C9%99rinin-idar%C9%99-edilm%C9%99si-%C3%BCzr%C9%99-ba%C5%9F-m%C3%BCt%C9%99x%C9%99ssis-sam-at-abb-4444529906,Proqram təminatı aktivlərinin idarə edilməsi üzrə baş mütəxəssis (SAM),,scraped,2026-08-01T07:42:10.639017,
c8a104cf601c3fc1,https://az.linkedin.com/jobs/view/%C5%9F%C3%B6b%C9%99-m%C3%BCdir-m%C3%BCavini-da%C4%9F-m%C9%99d%C9%99n-v%C9%99-emal-sah%C9%99l%C9%99rinin-idar%C9%99edilm%C9%99si-%C5%9F%C3%B6b%C9%99si-at-azergold-%E2%80%8B-cjsc-4445084714,Şöbə müdir müavini / Dağ-mədən və emal sahələrinin idarəedilməsi şöbəsi,,scraped,2026-08-01T07:42:17.378687,
0eb86f60320b28c9,https://az.linkedin.com/jobs/view/sat%C4%B1%C5%9F-%C3%BCzr%C9%99-ki%C3%A7ik-m%C3%BCt%C9%99x%C9%99ssis-at-fin-plast-international-4445500106,Satış üzrə kiçik mütəxəssis,,scraped,2026-08-01T07:42:24.551133,
921f0d856330df82,https://az.linkedin.com/jobs/view/tendering-advisor-pressure-pumping-at-baker-hughes-4446317358,Tendering Advisor-Pressure Pumping,Baker Hughes,posted,2026-08-01T07:42:38.336262,569
02f05abe946ca26b,https://az.linkedin.com/jobs/view/i%CC%87cra%C3%A7%C4%B1-menecer-at-area-azerbaijan-robotics-engineering-academy-4434562482,İcraçı menecer,AREA-Azerbaijan Robotics Engineering Academy,posted,2026-08-01T07:42:47.305704,571
adaf564be5b44eda,https://az.linkedin.com/jobs/view/senior-front-end-engineer-at-remofirst-4447507587,Senior Front End Engineer,RemoFirst,posted,2026-08-01T07:42:54.723192,573
6da3ffc50cf5dbb3,https://az.linkedin.com/jobs/view/merchant-partnerships-associate-at-tredu-4445093140,Merchant Partnerships Associate,Tredu,posted,2026-08-01T07:43:03.653757,575
38969c92df421925,https://az.linkedin.com/jobs/view/torna%C3%A7%C4%B1-hac%C4%B1qabul-at-azerlime-llc-4447057015,Tornaçı (Hacıqabul),,scraped,2026-08-01T07:43:05.957545,
8e46c8b7968c6777,https://az.linkedin.com/jobs/view/key-account-manager-apple-at-asbis-azerbaijan-4396953680,Key Account Manager (Apple),,scraped,2026-08-01T07:43:12.028722,
e2af02912643c6d1,https://az.linkedin.com/jobs/view/ingenier%C3%ADa-en-sistemas-de-informaci%C3%B3n-at-centro-utn-quitex-4447413184,Ingeniería en Sistemas de Información,Centro UTN QUITEX,posted,2026-08-01T07:43:34.841885,577
06e3a2f9ac0805b3,https://az.linkedin.com/jobs/view/data-solutions-architect-at-introduct-group-4447019402,Data Solutions Architect,,scraped,2026-08-01T07:43:37.391864,
6dd25b07d95af6b7,https://az.linkedin.com/jobs/view/account-payable-accountant-i-azerbaijan-relocate-to-uae-at-pixel-chain-4447198208,Account Payable Accountant I Azerbaijan relocate to UAE,Pixel Chain,posted,2026-08-01T07:43:50.322673,579
2be65853edef3196,https://az.linkedin.com/jobs/view/service-delivery-manager-sdm-at-epam-systems-4437671851,Service Delivery Manager (SDM),EPAM Systems,posted,2026-08-01T07:43:57.698682,581
92587292cf77fe27,https://az.linkedin.com/jobs/view/metroloq-quba-at-az%C9%99rbaycan-metrologiya-i%CC%87nstitutu-4444114382,Metroloq - Quba,,scraped,2026-08-01T07:44:00.261838,
9dfef25c72209b25,https://az.linkedin.com/jobs/view/linux-t%C9%99lim%C3%A7isi-at-step-it-academy-azerbaijan-4442844654,Linux Təlimçisi,STEP IT Academy Azerbaijan,posted,2026-08-01T07:44:20.629916,583
9a94387fc85f7ef6,https://az.linkedin.com/jobs/view/site-reliability-engineer-sre-at-life-at-bir-4445169844,Site Reliability Engineer (SRE),,scraped,2026-08-01T07:44:23.222080,
281e56994294a273,https://az.linkedin.com/jobs/view/sat%C4%B1%C5%9F-at-birkuryer-az-4443243288,Satış,,scraped,2026-08-01T07:44:29.485656,
6becd107b7cc20a6,https://az.linkedin.com/jobs/view/human-resources-specialist-at-pik-palace-and-park-chalet-autograph-collection-4442324130,Human Resources Specialist,,scraped,2026-08-01T07:44:35.686973,
9769e3a38819af4e,https://az.linkedin.com/jobs/view/android-development-engineer-at-aiut-azerbaijan-4445536714,Android development engineer,AIUT Azerbaijan,posted,2026-08-01T07:44:48.509924,585
c012ea5f3ff4c067,https://az.linkedin.com/jobs/view/field-service-technician-at-sicpa-4447295978,Field Service Technician,,scraped,2026-08-01T07:44:51.105729,
76ce47cd0e3119b4,https://az.linkedin.com/jobs/view/kiber-h%C3%BCcumlar%C4%B1n-simulyasiyas%C4%B1-%C3%BCzr%C9%99-ba%C5%9F-m%C3%BCt%C9%99x%C9%99ssis-at-abb-4444589393,Kiber hücumların simulyasiyası üzrə baş mütəxəssis,,scraped,2026-08-01T07:44:57.920143,
fc2ddfc9606018e6,https://az.linkedin.com/jobs/view/%D0%BE%D0%BF%D0%B5%D1%80%D0%B0%D1%82%D0%BE%D1%80-%D0%BA%D0%BE%D0%BB-%D1%86%D0%B5%D0%BD%D1%82%D1%80%D0%B0-at-regional-bokt-mmc-4445028619,Оператор кол-центра,,scraped,2026-08-01T07:45:05.861193,
ea73e940e6a24c8d,https://az.linkedin.com/jobs/view/it-service-engineer-%E2%80%93-systems-administrator-at-sicpa-4447507559,IT Service Engineer – Systems Administrator,,scraped,2026-08-01T07:45:11.930472,
71df98ae73c42f59,https://az.linkedin.com/jobs/view/%D0%B0%D0%BD%D0%B0%D0%BB%D0%B8%D1%82%D0%B8%D0%BA-1%D1%81-at-adore-kompani-llc-4444585269,Аналитик 1С,Adore Kompani LLC,posted,2026-08-01T07:45:24.941876,339
18380246eb0887fa,https://az.linkedin.com/jobs/view/aran-cook-at-canadian-association-of-rallysport-4447247709,Aran Cook,,scraped,2026-08-02T07:43:15.779768,
9968646159e4db8a,https://az.linkedin.com/jobs/view/keyfiyy%C9%99t%C9%99-n%C9%99zar%C9%99t-%C3%BCzr%C9%99-ba%C5%9F-m%C3%BCt%C9%99x%C9%99ssis-at-qaraba%C4%9F-universitetinin-klinikas%C4%B1-4447268730,Keyfiyyətə nəzarət üzrə baş mütəxəssis,,scraped,2026-08-02T07:43:28.701446,
5098c25fd39b7ed7,https://az.linkedin.com/jobs/view/f%C9%99hl%C9%99-g%C9%99nc%C9%99-anbar%C4%B1-at-jobu-4446724597,Fəhlə (Gəncə Anbarı),,scraped,2026-08-02T07:43:37.974042,
192a200c227c1357,https://az.linkedin.com/jobs/view/receptionist-at-four-seasons-4446324688,Receptionist,Four Seasons,posted,2026-08-02T07:43:53.526719,193
1f52abac8a245a23,https://az.linkedin.com/jobs/view/cost-engineer-at-pd-ms-group-4443691155,Cost Engineer,,scraped,2026-08-02T07:44:00.427202,
819d9b6bf14241c4,https://az.linkedin.com/jobs/view/business-development-manager-azerbaijan-at-ajax-systems-4447050697,Business Development Manager (Azerbaijan),,scraped,2026-08-02T07:44:11.360593,
789198debd171983,https://az.linkedin.com/jobs/view/well-construction-commercial-manager-at-baker-hughes-4447010650,Well Construction Commercial Manager,Baker Hughes,posted,2026-08-02T07:44:24.628714,587
e2f6be2675d966aa,https://az.linkedin.com/jobs/view/team-leader-field-service-at-sicpa-4447502961,Team Leader Field Service,,scraped,2026-08-02T07:44:27.151618,
4a8d75501e33af53,https://az.linkedin.com/jobs/view/mi%C5%9Far-k%C9%99sim-operatoru-hac%C4%B1qabul-at-azerlime-llc-4447043073,Mişar Kəsim Operatoru (Hacıqabul),,scraped,2026-08-02T07:44:33.675121,
19d665e745c46a86,https://az.linkedin.com/jobs/view/%C3%A7iftlik-y%C3%B6netimi-ve-embriyo-transfer-uzman%C4%B1-at-dna-clinic-4443242845,Çiftlik Yönetimi ve Embriyo Transfer Uzmanı,,scraped,2026-08-02T07:44:47.848648,
365d4975cf9949f0,https://az.linkedin.com/jobs/view/mechanical-maintenance-technician-at-gen-pharma-caucasus-manufacturing-operations-4443297025,Mechanical Maintenance Technician,GEN PHARMA CAUCASUS MANUFACTURING OPERATIONS,posted,2026-08-02T07:45:04.328676,589
acc12bb13f4027f8,https://az.linkedin.com/jobs/view/customer-support-operations-agent-at-aceolution-4446749712,Customer Support Operations Agent,Aceolution,posted,2026-08-02T07:45:12.992862,591
967989f8577a33b4,https://az.linkedin.com/jobs/view/ai-engineer-at-oracle-law-global-4444132510,AI Engineer,,scraped,2026-08-02T07:45:21.584338,
6202619b4d6dce6b,https://az.linkedin.com/jobs/view/service-centre-technician-at-sicpa-4447507843,Service Centre Technician,,scraped,2026-08-02T07:45:35.281168,
ab056957a023e805,https://az.linkedin.com/jobs/view/repair-center-engineer-at-sicpa-4447298701,Repair Center Engineer,,scraped,2026-08-02T07:45:48.142203,
926ce5625c2bcf74,https://az.linkedin.com/jobs/view/key-account-manager-b2b-apple-at-asbis-azerbaijan-4444146130,Key Account Manager B2B Apple,,scraped,2026-08-02T07:45:55.148165,
64063aeb99f54a48,https://az.linkedin.com/jobs/view/xidm%C9%99t-i%CC%87%C5%9F%C3%A7isi-at-jobu-4446747397,Xidmət İşçisi,,scraped,2026-08-02T07:46:10.737861,
5507cfba76e5f861,https://az.linkedin.com/jobs/view/onshore-interface-risk-lead-at-airswift-4447265275,Onshore Interface & Risk Lead,Airswift,posted,2026-08-02T07:46:24.928901,593
5ac5fa0f3a3fd3c7,https://az.linkedin.com/jobs/view/document-controller-nationals-only-at-airswift-4444407463,Document Controller (Nationals Only ),Airswift,posted,2026-08-02T07:46:33.762032,595
f2e1e0aab9db9334,https://az.linkedin.com/jobs/view/szansa-na-sukces-%E2%80%93-jak-%E2%80%9Enala%C4%87-paliwa-do-pe%C5%82na%E2%80%9D-w-baku-twojego-dziecka%3F-at-fundacja-genius-life-4448301367,Szansa na sukces – Jak „nalać paliwa do pełna” w baku Twojego Dziecka?,,scraped,2026-08-04T08:10:29.992748,
8ce05c9c03913d0c,https://az.linkedin.com/jobs/view/%D0%BE%D1%80%D0%B3%D0%B0%D0%BD%D0%B8%D0%B7%D0%B0%D1%86%D0%B8%D1%8F-%D0%BC%D0%B5%D1%80%D0%BE%D0%BF%D1%80%D0%B8%D1%8F%D1%82%D0%B8%D0%B9-at-baku-marriott-hotel-boulevard-4446612169,Организация мероприятий,Baku Marriott Hotel Boulevard,failed|wp_post_failed,2026-08-04T08:10:42.216901,
d1f6c4290bee44e3,https://az.linkedin.com/jobs/view/senior-recruiter-at-ispeedtolead-4448309104,Senior Recruiter,iSpeedToLead,posted,2026-08-04T08:10:59.930626,597
25e2c4e603ed8852,https://az.linkedin.com/jobs/view/hse-4446615135,HSE,FMG,posted,2026-08-04T08:11:07.294573,599
c19cacfe56221530,https://az.linkedin.com/jobs/view/junior-accountant-at-resource-4448663201,Junior Accountant,Resource,posted,2026-08-04T08:11:18.052479,601
e05a970efba9c5af,https://az.linkedin.com/jobs/view/n%C3%B6vb%C9%99t%C3%A7i-caspian-plaza-at-aga-group-4448259666,Növbətçi (Caspian Plaza),,scraped,2026-08-04T08:11:20.760802,
40f3503dc944894d,https://az.linkedin.com/jobs/view/bilingual-dispatcher-uzbek-and-english-at-remoteva-4447433183,Bilingual Dispatcher (Uzbek and English,RemoteVA,posted,2026-08-04T08:11:33.648096,603
8e80943691d6f10c,https://az.linkedin.com/jobs/view/a%C4%9Fsu-filial%C4%B1-%C3%BCzr%C9%99-universal-i%C5%9F%C3%A7i-at-rabitabank-ojsc-4445762293,Ağsu filialı üzrə Universal işçi,,scraped,2026-08-04T08:11:38.287654,
2d6f262ea8ad23a7,https://az.linkedin.com/jobs/view/data-engineer-intern-at-life-at-bir-4444101984,Data Engineer Intern,,scraped,2026-08-04T08:11:48.686943,
e009af948b5f4e91,https://az.linkedin.com/jobs/view/junior-sales-manager-at-amk-medical-science-llc-4443247759,Junior Sales Manager,,scraped,2026-08-04T08:11:55.392822,
bcd0a5ef45e9f8c5,https://az.linkedin.com/jobs/view/torna%C3%A7%C4%B1-hac%C4%B1qabul-at-azerlime-llc-4448323005,Tornaçı (Hacıqabul),,scraped,2026-08-04T08:12:01.417890,
61cf89599e6714d2,https://az.linkedin.com/jobs/view/project-manager-epc-at-bbg-energy-4445776700,Project Manager - EPC,,scraped,2026-08-04T08:12:07.850598,
0817486e1d298f5b,https://az.linkedin.com/jobs/view/director-of-revenue-and-reservations-at-accor-4447192266,Director of Revenue and Reservations,Accor,posted,2026-08-04T08:12:25.701443,605
4aa0da9b33603565,https://az.linkedin.com/jobs/view/personal-assistant-at-puffy-4443689185,Personal Assistant,Puffy,posted,2026-08-04T08:12:33.831489,607
3757ce13d0cbe2a8,https://az.linkedin.com/jobs/view/key-account-manager-vad-azerbaijan-at-asbis-azerbaijan-4420189841,Key Account Manager VAD Azerbaijan,,scraped,2026-08-04T08:12:44.613338,
af2c75af8af318ba,https://az.linkedin.com/jobs/view/laboratory-and-qc-supervisor-at-sicpa-4447521006,Laboratory and QC Supervisor,,scraped,2026-08-04T08:12:57.178126,
c9c683bff4e33261,https://az.linkedin.com/jobs/view/sourcing-interns-at-life-at-bir-4448222604,Sourcing Interns,Life at Bir,posted,2026-08-04T08:13:43.225618,609
17f757ec8c99c9f0,https://az.linkedin.com/jobs/view/etkinlik-koordinat%C3%B6r%C3%BC-4445854724,Etkinlik Koordinatörü,CamalEnglish (camalenglish.com),posted,2026-08-04T08:13:56.749245,611
1692bc89c2bfd881,https://az.linkedin.com/jobs/view/senior-lead-back-end-engineer-at-remofirst-4447289815,Senior/Lead Back End Engineer,RemoFirst,posted,2026-08-04T08:14:06.756404,613
c2d51b0f8eee2e04,https://az.linkedin.com/jobs/view/r%C9%99q%C9%99msal-ki%C3%A7ik-biznes-sah%C9%99sin%C9%99-back-end-%C3%BCzr%C9%99-apar%C4%B1c%C4%B1-proqram%C3%A7%C4%B1-ba%C5%9F-proqram%C3%A7%C4%B1-at-abb-4448145312,Rəqəmsal kiçik biznes sahəsinə back-end üzrə aparıcı proqramçı / baş proqramçı,,scraped,2026-08-04T08:14:19.279375,
eb8f9b5e92bcb3a9,https://az.linkedin.com/jobs/view/%D0%BF%D0%BE%D0%BC%D0%BE%D1%89%D0%BD%D0%B8%D0%BA-%D1%80%D1%83%D0%BA%D0%BE%D0%B2%D0%BE%D0%B4%D0%B8%D1%82%D0%B5%D0%BB%D1%8F-%D0%BE%D1%82%D0%B4%D0%B5%D0%BB%D0%B0-%D0%B7%D0%B0%D0%BA%D1%83%D0%BF%D0%BE%D0%BA-at-pharmaline-4446606303,Помощник руководителя отдела закупок,Pharmaline,failed|wp_post_failed,2026-08-04T08:14:27.466020,
20d3c6ab7d8926fd,https://az.linkedin.com/jobs/view/t%C9%99hl%C3%BCk%C9%99sizlik-idar%C9%99etm%C9%99si-v%C9%99-uy%C4%9Funluq-%C5%9F%C3%B6b%C9%99sinin-eksperti-at-bank-of-baku-ojsc-4448940427,Təhlükəsizlik idarəetməsi və uyğunluq şöbəsinin eksperti,,scraped,2026-08-06T08:07:24.850967,
239a93df3c28f55d,https://az.linkedin.com/jobs/view/m%C3%BChasib-at-azerbaijan-tourism-and-management-university-4444560223,Mühasib,,scraped,2026-08-06T08:07:33.656560,
8022224e474de392,https://az.linkedin.com/jobs/view/x%C9%99rcl%C9%99r-%C3%BCzr%C9%99-n%C9%99zar%C9%99t%C3%A7i-at-azerbaijan-tourism-and-management-university-4444560224,Xərclər üzrə nəzarətçi,,scraped,2026-08-06T08:07:40.107136,
d7741a508c63acc2,https://az.linkedin.com/jobs/view/n%C9%99qliyyat-b%C3%B6lm%C9%99sinin-s%C3%BCr%C3%BCc%C3%BCs%C3%BC-at-bank-of-baku-ojsc-4448954236,Nəqliyyat bölməsinin sürücüsü,,scraped,2026-08-06T08:07:46.577184,
7c0d7f87216ed328,https://az.linkedin.com/jobs/view/mer%C3%A7endayzer-at-veyseloglu-llc-4448931978,Merçendayzer,,scraped,2026-08-06T08:07:54.708767,
5d3835c686b157f2,https://az.linkedin.com/jobs/view/anbardar-at-aga-group-4448928420,Anbardar,,scraped,2026-08-06T08:08:01.599295,
b16b7a41913a96d7,https://az.linkedin.com/jobs/view/airbus-a320-first-officers-at-aerviva-4449052424,Airbus A320 First Officers,Aerviva,posted,2026-08-06T08:08:17.274805,615
53a94aca6304f43b,https://az.linkedin.com/jobs/view/penetration-tester-at-abb-invest-4448022397,Penetration Tester,,scraped,2026-08-06T08:08:23.992126,
c948142b3d625a6e,https://az.linkedin.com/jobs/view/m%C9%99hsullar%C4%B1n-q%C9%99bulu-saxlanlmas%C4%B1-v%C9%99-utilizasiyas%C4%B1-n%C9%99zar%C9%99t-m%C3%BCt%C9%99x%C9%99ssisi-at-veyseloglu-llc-4448933914,"Məhsulların Qəbulu, Saxlanlması və Utilizasiyası Nəzarət Mütəxəssisi",,scraped,2026-08-06T08:08:32.247337,
df4736f8fc6ecec1,https://az.linkedin.com/jobs/view/petroleum-engineer-at-bp-4448932790,Petroleum Engineer,bp,posted,2026-08-06T08:08:51.096088,617
d8bc9791fa5c194d,https://az.linkedin.com/jobs/view/belge-kontrol-uzman%C4%B1-at-temho-pool-mmc-4438713800,Belge Kontrol Uzmanı,,scraped,2026-08-06T08:08:55.769133,
b98747f3a33e6867,https://az.linkedin.com/jobs/view/smm-manager-at-planb-company-4447392697,SMM Manager,,scraped,2026-08-06T08:09:04.210168,
1c96b2d3d201e197,https://az.linkedin.com/jobs/view/senior-consultant-to-business-processes-solutions-team-at-deloitte-4446292839,Senior Consultant to Business Processes Solutions Team,Deloitte,posted,2026-08-06T08:09:16.846182,42
44d2b3045a13630c,https://az.linkedin.com/jobs/view/customer-support-specialist-at-aceolution-4449319300,Customer Support Specialist,Aceolution,posted,2026-08-06T08:09:21.677348,463
55318c2c44ecfefd,https://az.linkedin.com/jobs/view/middle-data-mlops-engineer-at-unibank-4449323294,Middle Data & MLOps Engineer,,scraped,2026-08-06T08:09:26.224270,
f5fae119a4ce1052,https://az.linkedin.com/jobs/view/load-testing-engineer-at-life-at-bir-4449134722,Load Testing Engineer,,scraped,2026-08-06T08:09:35.192021,
e15616e7928795d0,https://az.linkedin.com/jobs/view/%D0%BF%D0%BE%D0%BC%D0%BE%D1%89%D0%BD%D0%B8%D0%BA-%D1%80%D1%83%D0%BA%D0%BE%D0%B2%D0%BE%D0%B4%D0%B8%D1%82%D0%B5%D0%BB%D1%8F-%D0%B7%D0%B0%D0%BA%D1%83%D0%BF%D0%BE%D0%BA-at-pharmaline-4449998165,Помощник руководителя закупок,Pharmaline,failed|wp_post_failed,2026-08-06T08:09:47.426437,
3a122e91adb065f5,https://az.linkedin.com/jobs/view/sat%C4%B1%C5%9F-meneceri-allaince-travel-agency-4446620752,Satış Meneceri - Allaince Travel Agency,Alliance Human Capital,posted,2026-08-06T08:09:57.888035,619
28a0a7e9d537fa58,https://az.linkedin.com/jobs/view/h%C3%BCquq%C5%9F%C3%BCnas-lawyer-at-az%C9%99rlotereya-asc-4448088045,Hüquqşünas / Lawyer,,scraped,2026-08-06T08:10:00.435207,
ff8672faf8a0fc90,https://az.linkedin.com/jobs/view/%F0%9F%87%A6%F0%9F%87%BF-remote-from-azerbaijan-%E2%86%92-%F0%9F%87%A6%F0%9F%87%AA-uae-healthcare-tech-4-senior-engineering-roles-open-at-proxima-tech-solutions-4446255338,🇦🇿 Remote from Azerbaijan → 🇦🇪 UAE Healthcare Tech | 4 Senior Engineering Roles Open,,scraped,2026-08-06T08:10:09.031228,
a112ab5899e2e074,https://az.linkedin.com/jobs/view/korporativ-sat%C4%B1%C5%9F-%C3%BCzr%C9%99-ki%C3%A7ik-m%C3%BCt%C9%99x%C9%99ssis-at-metak-llc-4448900565,Korporativ satış üzrə kiçik mütəxəssis,METAK LLC,posted,2026-08-06T08:10:30.280379,621
8eabc4bf9daa21b1,https://az.linkedin.com/jobs/view/senior-devops-infrastructure-engineer-at-sphise-4448018441,Senior DevOps / Infrastructure Engineer,,scraped,2026-08-06T08:10:33.129967,
ffc8d852bf66e400,https://az.linkedin.com/jobs/view/national-consultant-%E2%80%93-migration-preparedness-needs-assessment-and-contingency-planning-in-azerbaijan-at-iom-un-migration-4449447756,National Consultant – Migration Preparedness Needs Assessment and Contingency Planning in Azerbaijan,IOM - UN Migration,posted,2026-08-06T08:10:51.209459,623
68eae2351781ffe6,https://az.linkedin.com/jobs/view/maintenance-and-assurance-officer-nationals-only-contract-duration-3-months-at-airswift-4448861072,"Maintenance and Assurance Officer(Nationals Only ,Contract Duration 3 months )",Airswift,posted,2026-08-06T08:11:00.186995,625
28a8be1d965b4e92,https://az.linkedin.com/jobs/view/mer%C3%A7endayzer-planlama-v%C9%99-yay%C4%B1m-b%C3%B6lm%C9%99sinin-ki%C3%A7ik-eksperti-at-bank-of-baku-ojsc-4448951298,"Merçendayzer, Planlama və yayım bölməsinin kiçik eksperti",,scraped,2026-08-06T08:11:08.978288,
1dbc2a70d0bc7946,https://az.linkedin.com/jobs/view/%C3%BCmumi-audit-%C5%9F%C3%B6b%C9%99sinin-apar%C4%B1c%C4%B1-auditoru-at-bank-of-baku-ojsc-4448946404,Ümumi audit şöbəsinin aparıcı auditoru,,scraped,2026-08-06T08:11:17.301149,
378cd5b877dc814b,https://az.linkedin.com/jobs/view/kreditor-borclar-%C3%BCzr%C9%99-m%C3%BChasib-at-azerbaijan-tourism-and-management-university-4444544565,Kreditor borclar üzrə mühasib,,scraped,2026-08-06T08:11:25.694099,
45ac8c8b01fc740c,https://az.linkedin.com/jobs/view/%C3%BCmumi-audit-%C5%9F%C3%B6b%C9%99sinin-m%C3%BCdiri-at-bank-of-baku-ojsc-4448932652,Ümumi audit şöbəsinin müdiri,,scraped,2026-08-06T08:11:32.149448,
7e309ce43205295b,https://az.linkedin.com/jobs/view/q%C9%99rarlar%C4%B1n-icras%C4%B1-%C5%9F%C3%B6b%C9%99sinin-t%C9%99cr%C3%BCb%C9%99%C3%A7isi-at-bank-of-baku-ojsc-4448931637,Qərarların icrası şöbəsinin təcrübəçisi,,scraped,2026-08-06T08:11:40.778772,
98babc61a1ea5384,https://az.linkedin.com/jobs/view/sah%C9%99-monitorinqi-b%C3%B6lm%C9%99sinin-apar%C4%B1c%C4%B1-eksperti-at-bank-of-baku-ojsc-4448936490,Sahə monitorinqi bölməsinin aparıcı eksperti,,scraped,2026-08-06T08:11:48.739293,
fc3c342bd97b1ba3,https://az.linkedin.com/jobs/view/planla%C5%9Fd%C4%B1rma-v%C9%99-effektivliyin-%C3%B6l%C3%A7%C3%BClm%C9%99si-b%C3%B6lm%C9%99sinin-ba%C5%9F-eksperti-fi%CC%87ed-at-bank-of-baku-ojsc-4448943409,Planlaşdırma və effektivliyin ölçülməsi bölməsinin baş eksperti (FİED),,scraped,2026-08-06T08:11:56.998333,
4554c35d41c90668,https://az.linkedin.com/jobs/view/partnyorlarla-i%C5%9F-b%C3%B6lm%C9%99sinin-ba%C5%9F-eksperti-at-bank-of-baku-ojsc-4448934539,Partnyorlarla iş bölməsinin baş eksperti,,scraped,2026-08-06T08:12:04.995098,
717c32585041b0d3,https://az.linkedin.com/jobs/view/p%C9%99rak%C9%99nd%C9%99-kredit-m%C9%99hsullar%C4%B1-%C5%9F%C3%B6b%C9%99sinin-ki%C3%A7ik-eksperti-at-bank-of-baku-ojsc-4448934541,Pərakəndə kredit məhsulları şöbəsinin kiçik eksperti,,scraped,2026-08-06T08:12:12.657730,
89d29f324cdd3266,https://az.linkedin.com/jobs/view/ki%C3%A7ik-texniki-m%C3%BCt%C9%99x%C9%99ssis-at-aga-group-4448906832,Kiçik texniki mütəxəssis,,scraped,2026-08-06T08:12:20.513741,
463f9aa8336d8285,https://az.linkedin.com/jobs/view/i%CC%87t-riskl%C9%99rinin-idar%C9%99-edilm%C9%99si-b%C3%B6lm%C9%99sinin-eksperti-at-bank-of-baku-ojsc-4448930764,İT risklərinin idarə edilməsi bölməsinin eksperti,,scraped,2026-08-06T08:12:27.320936,
a8e8ed6e875292ab,https://az.linkedin.com/jobs/view/data-sah%C9%99sin%C9%99-data-scientist-at-abb-4448141871,Data sahəsinə data scientist,,scraped,2026-08-06T08:12:35.685897,
416c81ff260ab5f6,https://az.linkedin.com/jobs/view/bank-m%C9%99hsullar%C4%B1n%C4%B1n-sat%C4%B1%C5%9F%C4%B1-b%C3%B6lm%C9%99sinin-eksperti-at-bank-of-baku-ojsc-4448932650,Bank məhsullarının satışı bölməsinin eksperti,,scraped,2026-08-06T08:12:43.624850,
1581c7bb708c5890,https://az.linkedin.com/jobs/view/texniki-%C5%9F%C3%B6b%C9%99nin-eksperti-%C3%B6d%C9%99ni%C5%9F-sisteml%C9%99ri-departamenti-at-bank-of-baku-ojsc-4448021961,Texniki şöbənin eksperti (Ödəniş sistemləri departamenti),,scraped,2026-08-06T08:12:51.728043,
a053c75512457df7,https://az.linkedin.com/jobs/view/android-developer-at-abb-4448146281,Android Developer,,scraped,2026-08-06T08:12:59.871939,
56f2815b4b5a47db,https://az.linkedin.com/jobs/view/menecment-informasiya-sisteml%C9%99ri-%C5%9F%C3%B6b%C9%99sinin-eksperti-at-bank-of-baku-ojsc-4448934544,Menecment informasiya sistemləri şöbəsinin eksperti,,scraped,2026-08-06T08:13:06.570333,
5a9a71939f22120c,https://az.linkedin.com/jobs/view/telefon-m%C9%99lumat-b%C3%B6lm%C9%99sinin-ki%C3%A7ik-eksperti-at-bank-of-baku-ojsc-4448944401,Telefon məlumat bölməsinin kiçik eksperti,,scraped,2026-08-06T08:13:15.000112,
277df18744bea9e0,https://az.linkedin.com/jobs/view/terminallar%C4%B1n-texniki-d%C9%99st%C9%99kl%C9%99nm%C9%99si-%C5%9F%C3%B6b%C9%99sinin-eksperti-at-bank-of-baku-ojsc-4448946408,Terminalların texniki dəstəklənməsi şöbəsinin eksperti,,scraped,2026-08-06T08:13:22.879040,
77aa7de9c5fa7e7a,https://az.linkedin.com/jobs/view/fullstack-developer-at-xsolla-4355500458,Fullstack developer,Xsolla,posted,2026-08-06T08:13:40.632425,627
38ac203cd4adf8ab,https://az.linkedin.com/jobs/view/analitik-t%C9%99hlil-b%C3%B6lm%C9%99sinin-apar%C4%B1c%C4%B1-eksperti-at-bank-of-baku-ojsc-4448935514,Analitik təhlil bölməsinin aparıcı eksperti,,scraped,2026-08-06T08:13:43.245543,
d960c9aa06cbaabd,https://az.linkedin.com/jobs/view/r%C9%99q%C9%99msal-ki%C3%A7ik-biznes-sah%C9%99sin%C9%99-ios-%C3%BCzr%C9%99-proqram%C3%A7%C4%B1-at-abb-4448138906,Rəqəmsal kiçik biznes sahəsinə IOS üzrə proqramçı,,scraped,2026-08-06T08:13:51.454161,
aee123909e56f586,https://az.linkedin.com/jobs/view/%E2%80%9Crabit%C9%99bank%E2%80%9D-asc-r%C9%99q%C9%99msal-sisteml%C9%99rin-inki%C5%9Faf%C4%B1-departamenti-apar%C4%B1c%C4%B1-ba%C5%9F-proqram%C3%A7%C4%B1-ios-%C3%BCzr%C9%99-at-rabitabank-ojsc-4448975915,"“Rabitəbank” ASC Rəqəmsal sistemlərin inkişafı departamenti, Aparıcı / Baş proqramçı (iOS üzrə)",,scraped,2026-08-06T08:13:59.951854,
ad40e78b52c5b272,https://az.linkedin.com/jobs/view/s%C3%BCni-i%CC%87ntellekt-%C3%BCzr%C9%99-apar%C4%B1c%C4%B1-m%C3%BCh%C9%99ndis-llm-nlp-at-unibank-4449312461,Süni İntellekt üzrə Aparıcı Mühəndis (LLM / NLP),,scraped,2026-08-06T08:14:08.081911,
43022b9327098fbf,https://az.linkedin.com/jobs/view/principal-piping-designer-at-pd-ms-group-4445878689,Principal Piping Designer,,scraped,2026-08-06T08:14:15.047808,
a4601becb66ee43a,https://az.linkedin.com/jobs/view/%E2%80%9Crabit%C9%99bank%E2%80%9D-asc-r%C9%99q%C9%99msal-sisteml%C9%99rin-inki%C5%9Faf%C4%B1-departamenti-apar%C4%B1c%C4%B1-ba%C5%9F-proqram%C3%A7%C4%B1-android-%C3%BCzr%C9%99-at-rabitabank-ojsc-4448975917,“Rabitəbank” ASC Rəqəmsal sistemlərin inkişafı departamenti Aparıcı/Baş proqramçı (Android üzrə),,scraped,2026-08-06T08:14:23.986831,
ee3e38b6b0a8d6ea,https://az.linkedin.com/jobs/view/y%C3%B6netici-4448085005,Yönetici,Postive Training and Development Center,posted,2026-08-07T23:22:01.223388,629
15e884be001d42dd,https://az.linkedin.com/jobs/view/junior-safety-specialist-usa-at-azex-trucking-4449210483,Junior Safety Specialist (USA),AZEX Trucking,posted,2026-08-07T23:22:12.316424,631
1321b11d237ca406,https://az.linkedin.com/jobs/view/master-data-responsible-at-coca-cola-cci-4448425271,Master Data Responsible,,scraped,2026-08-07T23:22:14.863239,
d987a965b1214132,https://az.linkedin.com/jobs/view/business-development-manager-for-international-student-recruitment-at-global-university-systems-4449493538,Business Development Manager for International Student Recruitment,,scraped,2026-08-07T23:22:35.684908,
70597e110d8e62d0,https://az.linkedin.com/jobs/view/ai-and-digital-systems-assistant-4446677220,AI and Digital systems assistant,"Private office, Baku, Azerbaijan",posted,2026-08-07T23:22:46.402540,633
c75baad5f06cda51,https://az.linkedin.com/jobs/view/outgoing-manager-at-granit-as-transport-tourism-4448402893,Outgoing Manager,,scraped,2026-08-07T23:22:48.997340,
f067a60c35845f0a,https://az.linkedin.com/jobs/view/product-manager-at-antal-international-4450242776,Product Manager,,scraped,2026-08-07T23:22:57.247351,
9c8eb3deebece69d,https://az.linkedin.com/jobs/view/m%C9%99lumat-bazas%C4%B1n%C4%B1n-t%C9%99hl%C3%BCk%C9%99sizliyi-%C3%BCzr%C9%99-apar%C4%B1c%C4%B1-ba%C5%9F-inzibat%C3%A7%C4%B1-at-abb-4448155250,Məlumat bazasının təhlükəsizliyi üzrə aparıcı/baş inzibatçı,,scraped,2026-08-07T23:23:03.868745,
f827994ce0b49238,https://az.linkedin.com/jobs/view/texniki-i%C5%9F%C3%A7i-bak%C4%B1-at-az%C9%99rbaycan-metrologiya-i%CC%87nstitutu-4448018602,Texniki işçi - Bakı,,scraped,2026-08-07T23:23:10.475730,
ae4486d996a9c150,https://az.linkedin.com/jobs/view/credit-specialist-at-yelo-bank-4449210283,Credit Specialist,,scraped,2026-08-07T23:23:27.440660,
191ccdbf8cc2e36e,https://az.linkedin.com/jobs/view/sektor-m%C3%BCdiri-daxili-n%C9%99zar%C9%99t-%C5%9F%C3%B6b%C9%99si-etika-v%C9%99-uy%C4%9Funluq-sektoru-at-azergold-%E2%80%8B-cjsc-4449215929,Sektor müdiri / Daxili Nəzarət Şöbəsi / Etika və uyğunluq sektoru,,scraped,2026-08-07T23:23:34.780285,
8832dfc56e40a850,https://az.linkedin.com/jobs/view/kredit-v%C9%99-bazar-riskl%C9%99ri-%C5%9F%C3%B6b%C9%99sind%C9%99-ba%C5%9F-m%C3%BCt%C9%99x%C9%99ssis-at-rabitabank-ojsc-4450079491,Kredit və bazar riskləri şöbəsində baş mütəxəssis,,scraped,2026-08-07T23:23:50.264375,
97042a10258351d7,https://az.linkedin.com/jobs/view/amo-technician-electro-mechanical-at-baker-hughes-4450777400,AMO Technician (Electro-Mechanical),Baker Hughes,posted,2026-08-07T23:24:09.859523,635
5b48217ab60b7a34,https://az.linkedin.com/jobs/view/technical-support-specialist-at-torrero-4450715780,Technical Support Specialist,,scraped,2026-08-07T23:24:12.726825,
45e395e03dd5aa7a,https://az.linkedin.com/jobs/view/%D0%B2%D0%B8%D0%B4%D0%B5%D0%BE%D0%BE%D0%BF%D0%B5%D1%80%D0%B0%D1%82%D0%BE%D1%80-at-xdr-agency-4446208330,Видеооператор,XDR AGENCY,failed|wp_post_failed,2026-08-07T23:24:28.782817,
23ed0b46a4167039,https://az.linkedin.com/jobs/view/hse-c-advisor-offshore-rotator-at-orion-group-4450218225,"HSE&C Advisor, Offshore Rotator",,scraped,2026-08-07T23:24:31.381479,
de1108cc0fead1df,https://az.linkedin.com/jobs/view/procurement-and-sales-interns-at-flamergy-4448754526,Procurement and Sales Interns,,scraped,2026-08-07T23:24:38.580555,
f26838afc3ffc537,https://az.linkedin.com/jobs/view/sat%C4%B1%C5%9F-ve-pazarlama-temsilcisi-at-volvac-azerbaijan-4448099162,Satış ve Pazarlama Temsilcisi,VOLVAC AZERBAIJAN,posted,2026-08-07T23:24:56.250785,637
8ff56afbcdfb07ab,https://az.linkedin.com/jobs/view/content-moderator-azerbaijani-based-in-malaysia-at-tp-4448151352,Content Moderator- Azerbaijani (Based in Malaysia),,scraped,2026-08-07T23:24:58.799954,
ab37e3f7ef8a0dce,https://az.linkedin.com/jobs/view/analyst-senior-analyst-pricing-optimization-bangkok-based-relocation-provided-at-agoda-4441435642,"Analyst/ Senior Analyst, Pricing Optimization (Bangkok Based, relocation provided)",Agoda,posted,2026-08-07T23:25:17.092497,639
9e6c44e5416fed29,https://az.linkedin.com/jobs/view/hr-intern-at-montfortlab-4447392205,HR Intern,Montfortlab,posted,2026-08-07T23:25:29.306686,641
45e69a0242c8e984,https://az.linkedin.com/jobs/view/i%CC%87nsan-resurslar%C4%B1n%C4%B1n-analitika-%C5%9F%C3%B6b%C9%99sin%C9%99-m%C3%BCt%C9%99x%C9%99ssis-apar%C4%B1c%C4%B1-m%C3%BCt%C9%99x%C9%99ssis-ba%C5%9F-m%C3%BCt%C9%99x%C9%99ssis-at-abb-4447359900,İnsan resurslarının analitika şöbəsinə mütəxəssis/aparıcı mütəxəssis/baş mütəxəssis,,scraped,2026-08-07T23:25:34.431928,
40296faa7409c1ed,https://az.linkedin.com/jobs/view/ev-t%C9%99s%C9%99rr%C3%BCfat%C4%B1-meneceri-aga-business-center-at-aga-group-4449122246,Ev təsərrüfatı meneceri (AGA Business Center),,scraped,2026-08-07T23:25:41.434571,
0e02a4cd2bf4d52a,https://az.linkedin.com/jobs/view/bank-m%C9%99hsullar%C4%B1n%C4%B1n-sat%C4%B1%C5%9F%C4%B1-b%C3%B6lm%C9%99sinin-ki%C3%A7ik-eksperti-at-bank-of-baku-ojsc-4448939404,Bank məhsullarının satışı bölməsinin kiçik eksperti,,scraped,2026-08-07T23:25:48.307894,
1133209d4c7c496c,https://az.linkedin.com/jobs/view/kredit-riskl%C9%99rinin-qiym%C9%99tl%C9%99ndirilm%C9%99si-b%C3%B6lm%C9%99sinin-apar%C4%B1c%C4%B1-eksperti-at-bank-of-baku-ojsc-4448948373,Kredit risklərinin qiymətləndirilməsi bölməsinin aparıcı eksperti,,scraped,2026-08-07T23:25:56.317143,
1d25999781dcb4f9,https://az.linkedin.com/jobs/view/sistem-administrator-serverl%C9%99rin-v%C9%99-saxlanc-sisteml%C9%99rinin-idar%C9%99-edilm%C9%99si-%C5%9F%C3%B6b%C9%99sinin-eksperti-at-bank-of-baku-ojsc-4448945405,"Sistem administrator, Serverlərin və saxlanc sistemlərinin idarə edilməsi şöbəsinin eksperti",,scraped,2026-08-07T23:26:04.286543,
abcc8ce445782b79,https://az.linkedin.com/jobs/view/%C9%99l-tmm-b%C3%B6lm%C9%99sinin-ba%C5%9F-eksperti-at-bank-of-baku-ojsc-4448937489,ƏL/TMM bölməsinin baş eksperti,,scraped,2026-08-07T23:26:12.814884,
0ed8e6e646f87119,https://az.linkedin.com/jobs/view/r%C9%99q%C9%99msal-kanallar-sah%C9%99sinin-i%CC%87os-%C3%BCzr%C9%99-apar%C4%B1c%C4%B1-proqram%C3%A7%C4%B1s%C4%B1-at-abb-4448153069,Rəqəmsal kanallar sahəsinin İOS üzrə aparıcı proqramçısı,,scraped,2026-08-07T23:26:26.451890,
8d5601ccb888f15e,https://az.linkedin.com/jobs/view/korporativ-xidm%C9%99tl%C9%99r-%C3%BCzr%C9%99-ki%C3%A7ik-m%C3%BCt%C9%99x%C9%99ssis-m%C3%BCt%C9%99x%C9%99ssis-at-unibank-4450312431,Korporativ xidmətlər üzrə kiçik Mütəxəssis/Mütəxəssis,,scraped,2026-08-07T23:26:33.048026,
4c33c051c6e53c2f,https://az.linkedin.com/jobs/view/pl-sql-developer-kredit-m%C9%99hsullar%C4%B1n%C4%B1n-inki%C5%9Faf%C4%B1na-d%C9%99st%C9%99k-b%C3%B6lm%C9%99sinin-eksperti-at-bank-of-baku-ojsc-4448945406,"PL/SQL developer, Kredit məhsullarının inkişafına dəstək bölməsinin eksperti",,scraped,2026-08-07T23:26:39.642596,
044a97d9c01768e1,https://az.linkedin.com/jobs/view/layih%C9%99-meneceri-strateji-planla%C5%9Fd%C4%B1rma-v%C9%99-layih%C9%99l%C9%99rin-idar%C9%99olunmas%C4%B1-%C5%9F%C3%B6b%C9%99si-at-azergold-%E2%80%8B-cjsc-4448092294,Layihə meneceri / Strateji planlaşdırma və layihələrin idarəolunması şöbəsi,,scraped,2026-08-07T23:26:47.466293,
fd16e2cecce50252,https://az.linkedin.com/jobs/view/bi-%C3%BCzr%C9%99-m%C3%BCh%C9%99ndis-at-unibank-4448904344,BI üzrə Mühəndis,,scraped,2026-08-07T23:26:54.964244,
8959f9d0602a3468,https://az.linkedin.com/jobs/view/data-v%C9%99-s%C3%BCni-intellekt-platforma-m%C3%BCh%C9%99ndisliyi-%C3%BCzr%C9%99-ba%C5%9F-m%C3%BCt%C9%99x%C9%99ssis-at-abb-4449494490,Data və Süni intellekt platforma mühəndisliyi üzrə baş mütəxəssis,,scraped,2026-08-07T23:27:01.571945,
a335a49c4cc3e753,https://az.linkedin.com/jobs/view/%C9%99l-tmm-b%C3%B6lm%C9%99sinin-ba%C5%9F-eksperti-at-life-at-bank-of-baku-4449654642,ƏL/TMM bölməsinin baş eksperti,Life at Bank of Baku,posted,2026-08-07T23:27:25.239175,643
a60c1db0b60f0022,https://az.linkedin.com/jobs/view/p%C9%99rak%C9%99nd%C9%99-kredit-m%C9%99hsullar%C4%B1-%C5%9F%C3%B6b%C9%99sinin-ki%C3%A7ik-eksperti-at-life-at-bank-of-baku-4449645720,Pərakəndə kredit məhsulları şöbəsinin kiçik eksperti,Life at Bank of Baku,posted,2026-08-07T23:27:40.710210,645
8522503e96d32f47,https://az.linkedin.com/jobs/view/bank-m%C9%99hsullar%C4%B1n%C4%B1n-sat%C4%B1%C5%9F%C4%B1-b%C3%B6lm%C9%99sinin-eksperti-at-life-at-bank-of-baku-4449650693,Bank məhsullarının satışı bölməsinin eksperti,Life at Bank of Baku,posted,2026-08-07T23:27:51.257370,647
e1602d4f44a1c76d,https://az.linkedin.com/jobs/view/i%CC%87cra-orqanlar%C4%B1-il%C9%99-i%C5%9F-%C5%9F%C3%B6b%C9%99sin%C9%99-ki%C3%A7ik-h%C3%BCquq%C5%9F%C3%BCnas-at-abb-4447378219,İcra orqanları ilə iş şöbəsinə kiçik hüquqşünas,,scraped,2026-08-07T23:27:53.859075,
a125d54b3e6968ce,https://az.linkedin.com/jobs/view/jeremy-salomon-joins-hinkley-following-jim-decker%E2%80%99s-retirement-at-lighting-news-now-4448914947,Jeremy Salomon Joins Hinkley Following Jim Decker’s Retirement,Lighting News Now,posted,2026-08-09T23:17:21.630135,649
23616ca41c87fb0a,https://az.linkedin.com/jobs/view/growing-revenue-without-sacrificing-the-member-experience-at-club-solutions-magazine-4448712333,Growing Revenue Without Sacrificing the Member Experience,Club Solutions Magazine,posted,2026-08-09T23:17:33.012927,651
bc72fb6629178450,https://az.linkedin.com/jobs/view/azerbaijan-at-gootickets-com-4451034821,AZERBAIJAN,,scraped,2026-08-09T23:17:35.546228,
ae1c0199f27b2489,https://az.linkedin.com/jobs/view/why-learning-new-skills-feels-harder-as-you-grow-older-and-what-to-do-about-it-at-altalks-4448999228,Why Learning New Skills Feels Harder as You Grow Older And What to Do About It,Altalks,posted,2026-08-09T23:17:49.988733,653
dabe38bc1ff159bd,https://az.linkedin.com/jobs/view/azerbaijan-at-teamed-4451053658,Azerbaijan,,scraped,2026-08-09T23:17:54.591172,
1df1e49112ce560a,https://az.linkedin.com/jobs/view/qs-consultancy-vs-contractor-side-%E2%80%94-which-pays-more%3F-at-surveyor-success-uk-4449642948,QS Consultancy vs Contractor Side — Which Pays More?,,scraped,2026-08-09T23:18:01.333657,
5f45a8c99082453a,https://az.linkedin.com/jobs/view/layih%C9%99-r%C9%99hb%C9%99ri-at-akkord-industry-construction-investment-corporation-ojsc-4450061374,LAYIHƏ RƏHBƏRI,,scraped,2026-08-09T23:18:11.318161,
ffe82473981deb6b,https://az.linkedin.com/jobs/view/paketl%C9%99yici-at-metak-llc-4450926524,Paketləyici,METAK LLC,posted,2026-08-09T23:18:34.280760,655
b71a140b4ada3a48,https://az.linkedin.com/jobs/view/electrical-instrumentation-estimator-at-the-carreo-internaional-4447334805,Electrical & Instrumentation Estimator,The Carreo Internaional,posted,2026-08-09T23:18:44.313762,657
0e787c479954b684,https://az.linkedin.com/jobs/view/grocery-associate-wolt-market-full-time-at-wolt-4441736335,Grocery Associate - Wolt Market (full-time),,scraped,2026-08-09T23:18:46.827782,
6e6fa8a62696851d,https://az.linkedin.com/jobs/view/airbus-a320-captain-at-aerviva-4449051476,Airbus A320 Captain,Aerviva,posted,2026-08-09T23:19:00.973286,659
766842189ea515cb,https://az.linkedin.com/jobs/view/i%CC%87stedadlar%C4%B1n-c%C9%99lb-edilm%C9%99si-%C3%BCzr%C9%99-m%C3%BCt%C9%99x%C9%99ssis-at-ayna-life-4450224049,İstedadların cəlb edilməsi üzrə mütəxəssis,AYNA Life,posted,2026-08-09T23:19:11.043558,661
e61ab0d7e527bcbb,https://az.linkedin.com/jobs/view/student-at-azerbaijan-state-university-of-economics-%E2%80%A2-unec-4451049194,Student,Azerbaijan State University of Economics • UNEC,posted,2026-08-09T23:19:20.862510,663
78ffe135a1acf273,https://az.linkedin.com/jobs/view/a320-captains-at-aviation-jobsearch-europa-4449071941,A320 Captains,Aviation JobSearch Europa,posted,2026-08-09T23:19:31.203518,665
b896e1ca04675606,https://az.linkedin.com/jobs/view/slu%C5%A1ni-aparati-za-starije-%E2%80%93-kako-izabrati-pravi-aparat-za-roditelja-baku-ili-deku-at-dobar-sluh-4448985803,"Slušni aparati za starije – kako izabrati pravi aparat za roditelja, baku ili deku",,scraped,2026-08-09T23:19:33.744037,
f4229e7434ed0b02,https://az.linkedin.com/jobs/view/earn-more-miles-while-traveling-at-emirates-graphic-4450755738,Earn more miles while traveling,,scraped,2026-08-09T23:19:40.692240,
f54962441092478f,https://az.linkedin.com/jobs/view/partnyorlarla-i%C5%9F-b%C3%B6lm%C9%99sinin-ba%C5%9F-eksperti-at-life-at-bank-of-baku-4449652697,Partnyorlarla iş bölməsinin baş eksperti,Life at Bank of Baku,posted,2026-08-09T23:19:57.780400,667
285ddb65d6f34da8,https://az.linkedin.com/jobs/view/regional-hr-specialist-at-wolt-4441742081,Regional HR Specialist,,scraped,2026-08-09T23:20:00.334011,
ad41fc67d48731eb,https://az.linkedin.com/jobs/view/ielts-toefl-sat-verbal-instructor-at-tutor-and-study-abroad-expert-4449266165,IELTS/TOEFL/SAT verbal instructor,Tutor and Study Abroad expert,posted,2026-08-09T23:20:16.637199,669
9a3cef0ca1a62346,https://az.linkedin.com/jobs/view/planla%C5%9Fd%C4%B1rma-v%C9%99-effektivliyin-%C3%B6l%C3%A7%C3%BClm%C9%99si-b%C3%B6lm%C9%99sinin-ba%C5%9F-eksperti-fi%CC%87ed-at-life-at-bank-of-baku-4449648696,Planlaşdırma və effektivliyin ölçülməsi bölməsinin baş eksperti (FİED),Life at Bank of Baku,posted,2026-08-09T23:20:28.934365,671
20da42f8f1db0c34,https://az.linkedin.com/jobs/view/texniki-ofis-m%C3%BCdiri-at-akkord-industry-construction-investment-corporation-ojsc-4450054976,TEXNIKI OFIS MÜDIRI,,scraped,2026-08-09T23:20:33.252731,
d57ae700ce541b8e,https://az.linkedin.com/jobs/view/informasiya-t%C9%99hl%C3%BCk%C9%99sizliyi-grc-%C3%BCzr%C9%99-ba%C5%9F-m%C3%BCt%C9%99x%C9%99ssis-at-jobu-4450369865,Informasiya təhlükəsizliyi GRC üzrə baş mütəxəssis,jobU,posted,2026-08-09T23:21:40.972457,673
d2455e7086717e18,https://az.linkedin.com/jobs/view/senior-consultant-for-deals-services-at-pwc-azerbaijan-4441300205,Senior Consultant for Deals Services,PwC Azerbaijan,posted,2026-08-09T23:21:54.313061,675
efa4cdc0319102ba,https://az.linkedin.com/jobs/view/chemistry-teacher-at-oxbridge-academy-azerbaijan-4444793937,Chemistry Teacher,,scraped,2026-08-09T23:22:00.910697,
bd7de0f3e929bf6f,https://az.linkedin.com/jobs/view/portage-salarial-pour-expatri%C3%A9-guide-complet-at-embarq-4449206189,Portage salarial pour expatrié : guide complet,,scraped,2026-08-09T23:22:11.050027,
55eae9b82df50af5,https://az.linkedin.com/jobs/view/korporativ-sat%C4%B1%C5%9F-meneceri-4449513313,Korporativ Satış Meneceri,LIGHTEX MMC,posted,2026-08-09T23:22:27.675374,677
bd2c41d8c6cf944f,https://az.linkedin.com/jobs/view/business-owner-in-azerbaijan-i-logistics-e-commerce-at-mail-boxes-etc-worldwide-development-4450735914,Business Owner in Azerbaijan I Logistics & E-commerce,,scraped,2026-08-09T23:22:30.242535,
0513e5647ff298a2,https://az.linkedin.com/jobs/view/dr-h-c-ilham-musayev-at-mega-global-resources-4450615347,Dr. (h.c.) ILHAM MUSAYEV,Mega Global Resources,posted,2026-08-09T23:22:43.169246,679
ed237e5e426ad654,https://az.linkedin.com/jobs/view/lead-ai-engineer-at-epam-systems-4451038192,Lead AI Engineer,EPAM Systems,posted,2026-08-09T23:22:49.990298,523
27d43950be0d851d,https://az.linkedin.com/jobs/view/nigar-i%CC%87sk%C9%99nd%C9%99rova-%C5%9Fahsuvarl%C4%B1-at-leon-casting-mmc-4449459633,Nigar İskəndərova Şahsuvarlı,Leon Casting MMC,posted,2026-08-09T23:23:10.529636,681
e2fc6f94e6f737f5,https://az.linkedin.com/jobs/view/mikrobioloq-at-veyseloglu-llc-4450355326,Mikrobioloq,,scraped,2026-08-09T23:23:19.115572,
489273b7cc6811c7,https://az.linkedin.com/jobs/view/qeyri-kredit-m%C9%99hsullar%C4%B1-%C5%9F%C3%B6b%C9%99sinin-apar%C4%B1c%C4%B1-eksperti-at-bank-of-baku-ojsc-4448943406,Qeyri-kredit məhsulları şöbəsinin aparıcı eksperti,,scraped,2026-08-09T23:23:27.759348,
b9cfb06316028fac,https://az.linkedin.com/jobs/view/m%C3%BCh%C9%99ndis-at-metak-llc-4448781371,Mühəndis,METAK LLC,posted,2026-08-09T23:24:13.252558,683
9704c2e675c760ca,https://az.linkedin.com/jobs/view/project-requisitioner-at-airswift-4451693235,Project Requisitioner,Airswift,posted,2026-08-11T23:28:34.661076,685
d553aaee86ed65df,https://az.linkedin.com/jobs/view/sat%C4%B1nalma-uzman%C4%B1-at-natural-meat-4449877337,Satınalma Uzmanı,Natural Meat,posted,2026-08-11T23:28:44.275180,687
ad8ac50c1c7a7281,https://az.linkedin.com/jobs/view/ruslan-bayramo%C4%9Flu-at-leon-casting-mmc-4449458594,Ruslan Bayramoğlu,Leon Casting MMC,posted,2026-08-11T23:28:55.160094,689
aad97f5c1caeb94a,https://az.linkedin.com/jobs/view/bak%C3%BC-at-medsol-llc-4452494269,Bakü,Medsol LLC,posted,2026-08-11T23:29:14.179241,691
d2b334a860eeac20,https://az.linkedin.com/jobs/view/counsel-at-bp-4448952430,Counsel,bp,posted,2026-08-11T23:29:31.422322,693
de22ffc4dbab4567,https://az.linkedin.com/jobs/view/mechanical-piping-estimator-at-the-carreo-internaional-4447350307,Mechanical & Piping Estimator,The Carreo Internaional,posted,2026-08-11T23:29:41.137343,695
685440f30b3e965f,https://az.linkedin.com/jobs/view/engineering-manager-at-toptal-4449474929,Engineering Manager,Toptal,posted,2026-08-11T23:29:53.639821,697
009c6994f797c8b3,https://az.linkedin.com/jobs/view/data-ai-solution-architect-at-epam-systems-4452178479,Data AI Solution Architect,EPAM Systems,posted,2026-08-11T23:29:58.784973,353
137b8d7c7d0d3814,https://az.linkedin.com/jobs/view/agent-operations-gyd-at-cargolux-airlines-4450728378,Agent Operations GYD,,scraped,2026-08-11T23:30:01.329592,
4e62bfbd6a988bd1,https://az.linkedin.com/jobs/view/i%CC%87nformasiya-t%C9%99hl%C3%BCk%C9%99sizliyi-%C3%BCzr%C9%99-ba%C5%9F-m%C3%BCt%C9%99x%C9%99ssis-at-ayna-life-4451649569,İnformasiya təhlükəsizliyi üzrə baş mütəxəssis,AYNA Life,posted,2026-08-11T23:30:16.039497,699
3e50200d0d445457,https://az.linkedin.com/jobs/view/strategiya-ekspert-m%C9%99rk%C9%99zinin-apar%C4%B1c%C4%B1-m%C3%BCt%C9%99x%C9%99ssisi-at-abb-4452459060,Strategiya ekspert mərkəzinin aparıcı mütəxəssisi,,scraped,2026-08-11T23:30:18.840289,
db17ef9be210662b,https://az.linkedin.com/jobs/view/kart-m%C9%99hsullar%C4%B1-v%C9%99-xidm%C9%99tl%C9%99rinin-inki%C5%9Faf%C4%B1-%C5%9F%C3%B6b%C9%99si-%C3%BCzr%C9%99-apar%C4%B1c%C4%B1-m%C3%BCt%C9%99x%C9%99ssis-at-rabitabank-ojsc-4451613996,Kart məhsulları və xidmətlərinin inkişafı şöbəsi üzrə aparıcı mütəxəssis,,scraped,2026-08-11T23:30:25.668435,
eb2038ce7433a082,https://az.linkedin.com/jobs/view/corporate-sales-manager-at-marriott-international-4451198362,Corporate Sales Manager,Marriott International,posted,2026-08-11T23:30:41.185450,701
8eeb6bb2e9f5cd99,https://az.linkedin.com/jobs/view/%C5%9F%C3%B6b%C9%99-m%C3%BCdir-m%C3%BCavini-geoloji-k%C9%99%C5%9Ffiyyat-%C5%9F%C3%B6b%C9%99si-at-azergold-%E2%80%8B-cjsc-4449218902,Şöbə müdir müavini / Geoloji kəşfiyyat şöbəsi,,scraped,2026-08-11T23:30:43.782441,
7043497e2701b2e6,https://az.linkedin.com/jobs/view/building-and-infrastructure-operation-lead-at-bureau-veritas-4451907241,Building and Infrastructure Operation Lead,,scraped,2026-08-11T23:30:51.174231,
43337a4cbad6f931,https://az.linkedin.com/jobs/view/sales-and-operations-administrator-at-span-4451670103,Sales and Operations Administrator,,scraped,2026-08-11T23:30:58.055544,
fc0edf8a6abee09b,https://az.linkedin.com/jobs/view/data-analitika-t%C9%99lim%C3%A7i-at-nexora-academy-4451670529,Data Analitika Təlimçi,,scraped,2026-08-11T23:31:06.849847,
d730807af52606fd,https://az.linkedin.com/jobs/view/operational-resilience-senior-specialist-security-department-staff-hybrid-at-azercell-telecom-llc-4451125026,Operational Resilience Senior Specialist (Security Department/Staff/Hybrid),,scraped,2026-08-11T23:31:13.953933,
5d610d54d50d8be3,https://az.linkedin.com/jobs/view/maliyy%C9%99-effektivliyi-%C5%9F%C3%B6b%C9%99sinin-apar%C4%B1c%C4%B1-ba%C5%9F-m%C3%BCt%C9%99x%C9%99ssisi-at-unibank-4449314400,Maliyyə Effektivliyi Şöbəsinin Aparıcı / Baş Mütəxəssisi,,scraped,2026-08-11T23:31:21.565423,
cae7c57d2e7fbd42,https://az.linkedin.com/jobs/view/%E2%80%9Crabit%C9%99bank%E2%80%9D-asc-bank-%C9%99m%C9%99liyyatlar%C4%B1na-d%C9%99st%C9%99k-departamentinin-r%C9%99q%C9%99msal-bank%C3%A7%C4%B1l%C4%B1%C4%9Fa-d%C9%99st%C9%99k-%C5%9F%C3%B6b%C9%99sind%C9%99-apar%C4%B1c%C4%B1-m%C3%BCt%C9%99x%C9%99ssis-at-rabitabank-ojsc-4449776886,“Rabitəbank” ASC Bank əməliyyatlarına dəstək departamentinin Rəqəmsal Bankçılığa dəstək şöbəsində Aparıcı mütəxəssis,,scraped,2026-08-11T23:31:28.359598,
7792585ef384150d,https://az.linkedin.com/jobs/view/bank-prosesl%C9%99rin%C9%99-d%C9%99st%C9%99k-%C5%9F%C3%B6b%C9%99sinin-ki%C3%A7ik-m%C3%BCt%C9%99x%C9%99ssisi-at-unibank-4451461387,Bank proseslərinə dəstək Şöbəsinin kiçik Mütəxəssisi,,scraped,2026-08-11T23:31:35.281457,
7efe61d887191cc7,https://az.linkedin.com/jobs/view/customer-support-representative-at-aceolution-4449378492,Customer Support Representative,Aceolution,posted,2026-08-11T23:31:51.342665,703
3fbae79edaf868d9,https://az.linkedin.com/jobs/view/mep-project-engineer-at-isg-construction-llc-4449559506,MEP Project Engineer,,scraped,2026-08-11T23:32:06.006000,
a7e66434e17add87,https://az.linkedin.com/jobs/view/freelance-at-firstsource-4451135139,Freelance,,scraped,2026-08-11T23:32:14.920474,
9e53b302be22c16e,https://az.linkedin.com/jobs/view/a320-first-officer-eurasia-at-aviation-jobsearch-europa-4452687671,A320 First Officer- Eurasia,Aviation JobSearch Europa,posted,2026-08-11T23:32:27.501846,705
bd955fe60432806c,https://az.linkedin.com/jobs/view/fluent-english-cx-operations-consultant-azerbaijan-remote-at-supportyourapp-4451544746,"(fluent English) CX Operations Consultant (Azerbaijan, remote)",SupportYourApp,posted,2026-08-11T23:32:37.941424,707
ab2a6a8d6edf2412,https://az.linkedin.com/jobs/view/xa%C3%A7maz-regional-i%CC%87nkassasiya-m%C9%99rk%C9%99zi-%C3%BCzr%C9%99-kassir-i%CC%87nkassator-at-life-at-bir-4451662928,Xaçmaz Regional İnkassasiya Mərkəzi üzrə Kassir-İnkassator,,scraped,2026-08-11T23:32:40.829736,
7ce0be2129cb04cb,https://az.linkedin.com/jobs/view/preservation-engineer-at-airswift-4451675399,Preservation Engineer,Airswift,posted,2026-08-11T23:32:54.454460,709
ff69152efa43eb2c,https://az.linkedin.com/jobs/view/jv-partnership-manager-at-ispeedtolead-4452467564,JV Partnership Manager,iSpeedToLead,posted,2026-08-11T23:33:04.295338,711
2045714cd507308e,https://az.linkedin.com/jobs/view/se%C3%A7im-v%C9%99-yerl%C9%99%C5%9Fdirm%C9%99-b%C3%B6lm%C9%99sinin-r%C9%99hb%C9%99ri-at-bank-of-baku-ojsc-4449859494,Seçim və yerləşdirmə bölməsinin rəhbəri,,scraped,2026-08-11T23:33:10.909375,
e836a0c3e3e78630,https://az.linkedin.com/jobs/view/commercial-manager-integrated-solutions-at-baker-hughes-4451515158,Commercial Manager - Integrated Solutions,Baker Hughes,posted,2026-08-11T23:33:40.939962,713
5a73e13fa609b665,https://az.linkedin.com/jobs/view/p%C9%99rak%C9%99nd%C9%99-xidm%C9%99tl%C9%99r-v%C9%99-istehlak-kreditl%C9%99ri-%C3%BCzr%C9%99-ki%C3%A7ik-m%C3%BCt%C9%99x%C9%99ssis-x%C4%B1rdalan-at-unibank-4451458564,Pərakəndə xidmətlər və istehlak kreditləri üzrə kiçik Mütəxəssis (Xırdalan),,scraped,2026-08-11T23:33:55.508079,
9e81c9e4f15a76d3,https://az.linkedin.com/jobs/view/p%C9%99rak%C9%99nd%C9%99-seqment-sah%C9%99sin%C9%99-qa-%C3%BCzr%C9%99-apar%C4%B1c%C4%B1-m%C3%BCt%C9%99x%C9%99ssis-at-abb-4452444274,Pərakəndə seqment sahəsinə QA üzrə aparıcı mütəxəssis,,scraped,2026-08-11T23:34:02.671685,
875fa14a152ad785,https://az.linkedin.com/jobs/view/strategiya-ofisi-%E2%80%93-konsaltinq-ekspert-m%C9%99rk%C9%99zinin-konsultant%C4%B1-ba%C5%9F-konsultant%C4%B1-at-abb-4448780847,Strategiya ofisi – Konsaltinq ekspert mərkəzinin konsultantı / baş konsultantı,,scraped,2026-08-11T23:34:11.402841,
408a7cefbfcdd3ed,https://az.linkedin.com/jobs/view/kimya%C3%A7%C4%B1-m%C3%BCh%C9%99ndis-at-veyseloglu-llc-4448940754,Kimyaçı Mühəndis,,scraped,2026-08-11T23:34:18.461826,
c9683483c7ce4382,https://az.linkedin.com/jobs/view/i%CC%87nsan-resurslar%C4%B1-%C3%BCzr%C9%99-menecer-m%C3%BCavini-at-jobu-4451934550,İnsan Resursları üzrə Menecer Müavini,,scraped,2026-08-11T23:34:27.255712,
e49559baa883324e,https://az.linkedin.com/jobs/view/layih%C9%99-meneceri-at-jobu-4451954185,Layihə meneceri,,scraped,2026-08-11T23:34:34.392133,
2ff9b2f556ffc065,https://az.linkedin.com/jobs/view/backend-php-engineer-at-xsolla-4344040074,Backend PHP Engineer,Xsolla,posted,2026-08-11T23:34:55.390843,715
3c05c7a42bf178d1,https://az.linkedin.com/jobs/view/ki%C3%A7ik-m%C3%BCh%C9%99ndis-konstruktor-at-metak-llc-4448904453,Kiçik Mühəndis-Konstruktor,METAK LLC,posted,2026-08-11T23:35:09.933209,717
45281a915fbe640b,https://az.linkedin.com/jobs/view/r%C9%99qamsal-sisteml%C9%99rin-i%CC%87nki%C5%9Faf%C4%B1-departamenti-r%C9%99q%C9%99msal-xidm%C9%99tl%C9%99rin-inki%C5%9Faf%C4%B1-%C5%9F%C3%B6b%C9%99sin%C9%99-proqram%C3%A7%C4%B1-apar%C4%B1c%C4%B1-proqram%C3%A7%C4%B1-backend-c%23-net-%C3%BCzr%C9%99-at-rabitabank-ojsc-4449785318,"Rəqamsal Sistemlərin İnkişafı Departamenti, Rəqəmsal xidmətlərin inkişafı şöbəsinə Proqramçı/Aparıcı proqramçı (Backend c# / . Net üzrə)",,scraped,2026-08-11T23:35:12.476109,
0e42cbc30bef42df,https://az.linkedin.com/jobs/view/code-camp-i%CC%87t-t%C9%99cr%C3%BCb%C9%99-proqram%C4%B1-i%CC%87t-biznes-analitiki-at-life-at-bir-4451409987,"""Code Camp"" İT təcrübə proqramı (İT biznes analitiki)",,scraped,2026-08-11T23:35:19.320633,
65f9b976e8ff50b6,https://az.linkedin.com/jobs/view/code-camp-i%CC%87t-t%C9%99cr%C3%BCb%C9%99-proqram%C4%B1-system-developer-at-life-at-bir-4451429014,"""Code Camp"" İT təcrübə proqramı (System developer)",,scraped,2026-08-11T23:35:25.849713,
12b6087296e67431,https://az.linkedin.com/jobs/view/fluent-english-cx-operations-consultant-azerbaijan-remote-at-supportyourapp-4451540864,"(fluent English) CX Operations Consultant (Azerbaijan, remote)",SupportYourApp,posted,2026-08-11T23:35:34.802566,707
efd8b24390991f6e,https://az.linkedin.com/jobs/view/fluent-english-cx-operations-consultant-azerbaijan-remote-at-supportyourapp-4451542791,"(fluent English) CX Operations Consultant (Azerbaijan, remote)",SupportYourApp,posted,2026-08-11T23:35:39.593976,707
01517f131fe0aa44,https://az.linkedin.com/jobs/view/code-camp-i%CC%87t-t%C9%99cr%C3%BCb%C9%99-proqram%C4%B1-android-developer-at-life-at-bir-4451403994,"""Code Camp"" İT təcrübə proqramı (Android developer)",,scraped,2026-08-11T23:35:42.077678,
1b2a701e8739163f,https://az.linkedin.com/jobs/view/%D0%BE%D0%BF%D0%B5%D1%80%D0%B0%D1%82%D0%BE%D1%80-4450162214,Оператор,Mətbəxline,failed|wp_post_failed,2026-08-13T23:28:10.974907,
4d2c5942ddbc1159,https://az.linkedin.com/jobs/view/scheduler-repair-maintenance-at-weatherford-4453160001,Scheduler - Repair & Maintenance,Weatherford,posted,2026-08-13T23:28:29.153216,719
304d0bfa3b3a073a,https://az.linkedin.com/jobs/view/housing-specialist-at-jobu-4453249719,Housing Specialist,,scraped,2026-08-13T23:28:33.735526,
31440a3910e6c1c6,https://az.linkedin.com/jobs/view/procurement-specialist-at-azerbaijan-international-mining-company-limited-4451538192,Procurement Specialist,Azerbaijan International Mining Company Limited,posted,2026-08-13T23:28:47.378691,721
0af8acbd55e66f02,https://az.linkedin.com/jobs/view/provider-manager-at-ispeedtolead-4452458756,Provider Manager,iSpeedToLead,posted,2026-08-13T23:28:56.892516,723
977d012583e3705e,https://az.linkedin.com/jobs/view/risk-specialist-at-baku-stock-exchange-4449544337,Risk Specialist,Baku Stock Exchange,posted,2026-08-13T23:29:11.883084,725
a1d1dd69962a6c84,https://az.linkedin.com/jobs/view/%D0%BC%D0%B5%D0%BD%D0%B5%D0%B4%D0%B6%D0%B5%D1%80-%D0%BF%D0%BE-%D1%81%D0%BE%D1%86%D0%B8%D0%B0%D0%BB%D1%8C%D0%BD%D1%8B%D0%BC-%D1%81%D0%B5%D1%82%D1%8F%D0%BC-at-embrace-digital-4450427887,Менеджер по социальным сетям,Embrace Digital,failed|wp_post_failed,2026-08-13T23:29:53.184334,
f161c3738775ba01,https://az.linkedin.com/jobs/view/group-sales-manager-local-at-the-ritz-carlton-hotel-company-l-l-c-4451196809,Group Sales Manager (Local),"The Ritz-Carlton Hotel Company, L.L.C.",posted,2026-08-13T23:30:04.061277,727
30b0fd5d7d2f10ab,https://az.linkedin.com/jobs/view/information-security-officer-at-baku-stock-exchange-4449542424,Information Security Officer,Baku Stock Exchange,posted,2026-08-13T23:30:18.706201,729
0ba5faa5549da18f,https://az.linkedin.com/jobs/view/commercial-advisor-oilfield-chemicals-at-baker-hughes-4454041061,Commercial Advisor - Oilfield Chemicals,Baker Hughes,posted,2026-08-13T23:30:25.635806,60
92801586e57ebbee,https://az.linkedin.com/jobs/view/s%C3%BCr%C3%BCc%C3%BC-ekspeditor-x%C4%B1rdalan-at-jobu-4453238716,Sürücü-ekspeditor (Xırdalan),,scraped,2026-08-13T23:30:30.252754,
bd3841dab6518994,https://az.linkedin.com/jobs/view/license-owner-baku-at-stranger-soccer-4453600766,"License Owner, Baku",,scraped,2026-08-13T23:30:37.278703,
ab08d7d6cdc526b0,https://az.linkedin.com/jobs/view/team-lead-ci-cd-version-control-at-xsolla-4449568176,Team Lead - CI/CD & Version Control,Xsolla,posted,2026-08-13T23:30:50.517755,731
8b25428445914021,https://az.linkedin.com/jobs/view/compliance-manager-at-confidential-careers-4452393704,Compliance Manager,Confidential Careers,posted,2026-08-13T23:31:05.298607,733
6f7f8765433a6749,https://az.linkedin.com/jobs/view/process-lead-azerbaijan-nationals-only-at-worley-4453689559,Process Lead (Azerbaijan Nationals Only),Worley,posted,2026-08-13T23:31:25.576031,735
5cac2b8d6de0fcd2,https://az.linkedin.com/jobs/view/portage-salarial-pour-jeune-dipl%C3%B4m%C3%A9-at-embarq-4448796774,Portage salarial pour jeune diplômé,,scraped,2026-08-13T23:31:30.233753,
cc1aab86ac9b32ef,https://az.linkedin.com/jobs/view/qa-%C3%BCzr%C9%99-apar%C4%B1c%C4%B1-m%C3%BCt%C9%99x%C9%99ssis-at-unibank-4452700109,QA üzrə Aparıcı Mütəxəssis,,scraped,2026-08-13T23:31:36.847127,
55bc3bdbb0bd5b76,https://az.linkedin.com/jobs/view/mcv-management-accountant-at-dp-world-4244531311,MCV Management Accountant,,scraped,2026-08-13T23:31:43.808848,
c2fe6d8a71953ebf,https://az.linkedin.com/jobs/view/construction-engineer-at-railways-communications-technologies-4450460383,Construction Engineer,,scraped,2026-08-13T23:31:50.381439,
832bc728f086e65b,https://az.linkedin.com/jobs/view/chef-de-cuisine-at-marriott-international-4451408182,Chef de Cuisine,Marriott International,posted,2026-08-13T23:32:01.749725,397
c46677662648337c,https://az.linkedin.com/jobs/view/video-kontent-t%C9%99qdimat%C3%A7%C4%B1s%C4%B1-at-digital-home-4450130779,Video Kontent Təqdimatçısı,,scraped,2026-08-13T23:32:04.336211,
0c80e34d7c4b6975,https://az.linkedin.com/jobs/view/pazarlama-direkt%C3%B6r%C3%BC-at-toolshop-az-4078797315,Pazarlama Direktörü,ToolShop.az,posted,2026-08-13T23:32:24.151135,737
e4617574b132f06c,https://az.linkedin.com/jobs/view/motion-ai-specialist-at-planb-company-4450476695,Motion AI Specialist,,scraped,2026-08-13T23:32:26.666446,
f089c4e8442c2a4e,https://az.linkedin.com/jobs/view/planlama-%C3%BCzr%C9%99-t%C9%99cr%C3%BCb%C9%99%C3%A7i-at-metak-llc-4452059904,Planlama üzrə təcrübəçi,METAK LLC,posted,2026-08-13T23:32:44.586867,739
d68e4bce228cc121,https://az.linkedin.com/jobs/view/sat%C4%B1%C5%9F-meneceri-4195874304,Satış meneceri,NINETEEN LLC,posted,2026-08-13T23:32:51.659770,741
05c1bdcac5b7f69f,https://az.linkedin.com/jobs/view/english-c1-customer-support-consultant-hospitality-future-openings-remote-at-supportyourapp-4453130774,"(English C1) Customer Support Consultant, hospitality (Future Openings, remote)",SupportYourApp,posted,2026-08-13T23:33:03.252872,743
d459cac9b8e727c3,https://az.linkedin.com/jobs/view/international-lawyer-m-f-d-%E2%80%93-european-german-law-at-oracle-law-global-4450479961,International Lawyer (m/f/d) – European & German Law,,scraped,2026-08-13T23:33:07.939818,
9d370ac284638896,https://az.linkedin.com/jobs/view/senior-frontend-developer-at-afeagroup-4450480921,Senior Frontend Developer,AfeaGroup,posted,2026-08-13T23:33:26.000984,745
6327ae07297f72da,https://az.linkedin.com/jobs/view/vca-intern-graduates-summer-2028-december-2027-at-visa-4454009576,VCA Intern - Graduates Summer 2028/December 2027,Visa,posted,2026-08-13T23:33:39.573176,747
5ba76ed9903c320d,https://az.linkedin.com/jobs/view/a320-captain-fast-onboarding-at-aviation-jobsearch-europa-4452672970,A320 Captain - Fast Onboarding,Aviation JobSearch Europa,posted,2026-08-13T23:33:47.685268,749
5d7edaecab3227c1,https://az.linkedin.com/jobs/view/translator-english-remote-at-crossing-hurdles-4441735073,Translator (English) | Remote,Crossing Hurdles,posted,2026-08-13T23:33:52.506675,165
50a909373b6bc887,https://az.linkedin.com/jobs/view/sa%C3%A7-ustas%C4%B1-at-jobu-4453250734,Saç ustası,,scraped,2026-08-13T23:33:55.045819,
7ca90bc38d66138e,https://az.linkedin.com/jobs/view/ba%C5%9F-m%C3%BCt%C9%99x%C9%99ssis-layih%C9%99nin-x%C9%99rcl%C9%99ri-riskl%C9%99ri-v%C9%99-hesabatlar%C4%B1-%C3%BCzr%C9%99-strateji-planla%C5%9Fd%C4%B1rma-v%C9%99-layih%C9%99l%C9%99rin-idar%C9%99olunmas%C4%B1-%C5%9F%C3%B6b%C9%99si-at-azergold-%E2%80%8B-cjsc-4450825248,"Baş mütəxəssis (Layihənin xərcləri, riskləri və hesabatları üzrə) / Strateji planlaşdırma və layihələrin idarəolunması şöbəsi",,scraped,2026-08-13T23:34:03.846318,
c102449b0e53b58a,https://az.linkedin.com/jobs/view/hesabla%C5%9Fmalar-%C3%BCzr%C9%99-m%C3%BCt%C9%99x%C9%99ssis-at-life-at-bir-4452980683,Hesablaşmalar üzrə mütəxəssis,,scraped,2026-08-13T23:34:11.302125,
c67a0315034f8c01,https://az.linkedin.com/jobs/view/platform-engineer-at-xsolla-4441022615,Platform Engineer,Xsolla,posted,2026-08-13T23:34:24.855843,751
a46dd908851028ed,https://az.linkedin.com/jobs/view/sektor-m%C3%BCdiri-i%CC%87nformasiya-kommunikasiya-texnologiyalar%C4%B1-t%C9%99minat%C4%B1-%C5%9F%C3%B6b%C9%99si-sistem-v%C9%99-%C5%9F%C9%99b%C9%99k%C9%99-inzibat%C3%A7%C4%B1l%C4%B1%C4%9F%C4%B1-sektoru-at-azergold-%E2%80%8B-cjsc-4449529935,Sektor müdiri / İnformasiya kommunikasiya texnologiyaları təminatı şöbəsi / Sistem və şəbəkə inzibatçılığı sektoru,,scraped,2026-08-13T23:34:27.452736,
4cd96472c0cbc8c9,https://az.linkedin.com/jobs/view/ai-chapter-lead-payments-business-at-life-at-bir-4453213463,AI Chapter Lead - Payments business,,scraped,2026-08-13T23:34:36.722575,
e9078b77336c3411,https://az.linkedin.com/jobs/view/ba%C5%9F-m%C9%99hsul-dizayneri-at-unibank-4452389166,Baş Məhsul Dizayneri,,scraped,2026-08-13T23:34:49.174900,
0243d1914b79fbe7,https://az.linkedin.com/jobs/view/i%CC%87stifad%C9%99%C3%A7i-t%C9%99cr%C3%BCb%C9%99si-v%C9%99-dizayn-ekspert-m%C9%99rk%C9%99zinin-ui-ux-%C3%BCzr%C9%99-ba%C5%9F-dizayneri-at-abb-4451542981,İstifadəçi təcrübəsi və dizayn ekspert mərkəzinin UI/UX üzrə baş dizayneri,,scraped,2026-08-13T23:34:56.183485,
a6e6a713f8508014,https://az.linkedin.com/jobs/view/qa-engineer-payments-business-at-life-at-bir-4451660902,QA Engineer - Payments Business,,scraped,2026-08-13T23:35:04.670103,
1f74c2bb3c07fa45,https://az.linkedin.com/jobs/view/senior-network-infrastructure-engineer-at-xsolla-4441040065,Senior Network/Infrastructure engineer,Xsolla,posted,2026-08-13T23:35:17.242175,753
202a2488951939ef,https://az.linkedin.com/jobs/view/quality-assurance-qa-engineer-payment-platforms-tribe-at-life-at-bir-4452913020,Quality Assurance (QA) Engineer - Payment platforms tribe,,scraped,2026-08-13T23:35:19.884789,
260e3c3bdfacf38e,https://az.linkedin.com/jobs/view/senior-data-scientist-payments-business-at-life-at-bir-4453216444,Senior Data Scientist - Payments business,,scraped,2026-08-13T23:35:30.036298,
b7b1ca8e54065146,https://az.linkedin.com/jobs/view/business-analyst-supply-analytics-bangkok-based-relocation-provided-at-agoda-4451562080,"Business Analyst (Supply Analytics, Bangkok-based, Relocation provided)",Agoda,posted,2026-08-13T23:35:45.820616,755
32751df44be3c6af,https://az.linkedin.com/jobs/view/data-scientist-senior-analyst-supply-analytics-bangkok-based-relocation-provided-at-agoda-4451552399,"Data Scientist/Senior Analyst (Supply Analytics, Bangkok-based, Relocation provided)",Agoda,posted,2026-08-13T23:36:00.049390,757
5c20e19670e2cbb2,https://az.linkedin.com/jobs/view/grocery-associate-wolt-market-full-time-at-wolt-4453798973,Grocery Associate - Wolt Market (full-time),,scraped,2026-08-15T23:05:57.720832,
1af328cf18a7c094,https://az.linkedin.com/jobs/view/sales-executive-at-the-secret-society-4454508309,Sales Executive,,scraped,2026-08-15T23:06:04.681990,
d436ae4b55b7af10,https://az.linkedin.com/jobs/view/housekeeping-coordinator-at-marriott-international-4453904217,Housekeeping Coordinator,Marriott International,posted,2026-08-15T23:06:21.056113,759
7fab45b49c0d9d98,https://az.linkedin.com/jobs/view/affiliate-manager-at-ispeedtolead-4452463666,Affiliate Manager,iSpeedToLead,posted,2026-08-15T23:06:31.739772,761
a84d865857e3ca11,https://az.linkedin.com/jobs/view/corporate-finance-analyst-at-bat-4452913375,Corporate Finance Analyst,,scraped,2026-08-15T23:06:34.316113,
f0b9177de9a76f1a,https://az.linkedin.com/jobs/view/m%C3%BCt%C9%99x%C9%99ssis-sat%C4%B1nalmalar-v%C9%99-t%C9%99chizat-z%C9%99ncirinin-idar%C9%99olunmas%C4%B1-%C5%9F%C3%B6b%C9%99si-sat%C4%B1nalmalar-sektoru-at-azergold-%E2%80%8B-cjsc-4451248823,Mütəxəssis / Satınalmalar və təchizat zəncirinin idarəolunması şöbəsi / Satınalmalar sektoru,,scraped,2026-08-15T23:06:44.847071,
8766ca291fde3888,https://az.linkedin.com/jobs/view/content-manager-4450806075,Content Manager,Ready School,posted,2026-08-15T23:06:53.654332,449
e9fbc7d5af066572,https://az.linkedin.com/jobs/view/s%C9%99n%C9%99dl%C9%99%C5%9Fm%C9%99-%C3%BCzr%C9%99-ki%C3%A7ik-m%C3%BCt%C9%99x%C9%99ssis-karg%C3%BCzarl%C4%B1q-v%C9%99-arxiv-at-azerlime-llc-4454555943,Sənədləşmə üzrə kiçik mütəxəssis (Kargüzarlıq və Arxiv),,scraped,2026-08-15T23:07:06.262583,
3e790e2221bddc17,https://az.linkedin.com/jobs/view/farsi-to-english-interpreter-at-languagebees-4453591485,Farsi to English Interpreter,,scraped,2026-08-15T23:07:12.438292,
7d42dd7a8221ea8a,https://az.linkedin.com/jobs/view/planlama-%C3%BCzr%C9%99-ki%C3%A7ik-m%C3%BCt%C9%99x%C9%99ssis-at-metak-llc-4452074657,Planlama üzrə kiçik mütəxəssis,METAK LLC,posted,2026-08-15T23:07:33.669515,763
d15422a1779faf64,https://az.linkedin.com/jobs/view/apar%C4%B1c%C4%B1-m%C3%BChasib-at-qaraba%C4%9F-universitetinin-klinikas%C4%B1-4452366008,Aparıcı Mühasib,,scraped,2026-08-15T23:07:36.047596,
1698cf36354ddb78,https://az.linkedin.com/jobs/view/sat%C4%B1%C5%9F-eleman%C4%B1-at-mayak-n%C9%99%C5%9Friyyat%C4%B1-4450459295,Satış Elemanı,,scraped,2026-08-15T23:07:44.994377,
4c510804cd32e5c8,https://az.linkedin.com/jobs/view/receptionist-4451712832,Receptionist,Ready School,posted,2026-08-15T23:07:55.695820,193
78b4ba461282054b,https://az.linkedin.com/jobs/view/civil-structural-architecture-lead-engineer-azerbaijan-nationals-only-at-worley-4453140969,Civil/Structural & Architecture Lead Engineer(Azerbaijan Nationals Only),Worley,posted,2026-08-15T23:08:06.065277,765
5e8cf927a6710eb8,https://az.linkedin.com/jobs/view/hesabla%C5%9Fmalar-%C5%9F%C3%B6b%C9%99sinin-%C3%B6d%C9%99ni%C5%9Fl%C9%99rin-icras%C4%B1-qrupunun-ki%C3%A7ik-m%C3%BCt%C9%99x%C9%99ssisi-at-jobu-4453726767,Hesablaşmalar şöbəsinin Ödənişlərin icrası qrupunun Kiçik mütəxəssisi,,scraped,2026-08-15T23:08:10.598867,
ad58660384c5b586,https://az.linkedin.com/jobs/view/tovuz-filial%C4%B1-%C3%BCzr%C9%99-universal-i%C5%9F%C3%A7i-at-rabitabank-ojsc-4452933066,Tovuz filialı üzrə Universal işçi,,scraped,2026-08-15T23:08:24.354879,
3ed4d6ba7b4c3b59,https://az.linkedin.com/jobs/view/senior-legal-counsel-at-lukoil-4451514907,Senior Legal Counsel,,scraped,2026-08-15T23:08:32.209673,
e9e70cd4da813acb,https://az.linkedin.com/jobs/view/senior-sap-drc-consultant-at-epam-systems-4450149774,Senior SAP DRC Consultant,EPAM Systems,posted,2026-08-15T23:08:45.409816,767
14fbba81640598bd,https://az.linkedin.com/jobs/view/ai-engineer-at-eigroup-4452486324,AI Engineer,,scraped,2026-08-15T23:08:50.004825,
114da2fd185bfc76,https://az.linkedin.com/jobs/view/korporativ-sat%C4%B1%C5%9F-meneceri-at-data-socool-4451748159,Korporativ Satış Meneceri,,scraped,2026-08-15T23:08:56.278414,
32698592bbf7d535,https://az.linkedin.com/jobs/view/quality-control-qc-inspection-supervisor-pipelay-barge-plbh-at-orion-group-4451528927,Quality Control (QC) Inspection Supervisor - Pipelay Barge (PLBH),,scraped,2026-08-15T23:09:11.148096,
5bd49b36dca7bf1a,https://az.linkedin.com/jobs/view/artificial-intelligence-intern-at-elite-org-4451265320,Artificial Intelligence Intern,,scraped,2026-08-15T23:09:18.110224,
55619eb85067a862,https://az.linkedin.com/jobs/view/mechanical-engineer-rotating-equipment-at-orion-group-4452459830,Mechanical Engineer (Rotating Equipment),,scraped,2026-08-15T23:09:27.350769,
c2120d9bcb8933d5,https://az.linkedin.com/jobs/view/analyst-supply-analytics-bangkok-based-relocation-provided-at-agoda-4451560151,"Analyst (Supply Analytics, Bangkok-based, Relocation provided)",Agoda,posted,2026-08-15T23:09:43.995789,769
e7b73b325b2b1c10,https://az.linkedin.com/jobs/view/biznes-i%CC%87nki%C5%9Faf%C4%B1-meneceri-at-life-at-bir-4452729525,Biznes İnkişafı Meneceri,,scraped,2026-08-15T23:09:52.555765,
9c335b011d713be5,https://az.linkedin.com/jobs/view/kommersiya-%C9%99m%C9%99liyyatlar%C4%B1-%C3%BCzr%C9%99-layih%C9%99-meneceri-at-life-at-bir-4451405965,Kommersiya Əməliyyatları üzrə Layihə Meneceri,,scraped,2026-08-15T23:09:59.174125,
a1cb44388bc25207,https://az.linkedin.com/jobs/view/platforma-m%C3%BCh%C9%99ndisliyi-%C3%BCzr%C9%99-apar%C4%B1c%C4%B1-ba%C5%9F-m%C3%BCt%C9%99x%C9%99ssis-at-abb-4454387278,Platforma mühəndisliyi üzrə aparıcı/baş mütəxəssis,,scraped,2026-08-15T23:10:05.281826,
3f8237ed34aca0ce,https://az.linkedin.com/jobs/view/yerind%C9%99-xidm%C9%99t-b%C3%B6lm%C9%99sinin-ki%C3%A7ik-m%C3%BCt%C9%99x%C9%99ssisi-at-life-at-bir-4453586928,Yerində Xidmət Bölməsinin Kiçik Mütəxəssisi,,scraped,2026-08-15T23:10:12.047801,
a1194a2e575c4b1c,https://az.linkedin.com/jobs/view/m%C3%BCh%C9%99ndis-balaxan%C4%B1-%C9%99razisi-at-azerlime-llc-4454557134,Mühəndis (Balaxanı ərazisi),,scraped,2026-08-15T23:10:18.236367,
c3d9352bbad0b708,https://az.linkedin.com/jobs/view/prosesl%C9%99r-%C3%BCzr%C9%99-ekspert-at-life-at-bir-4452963822,Proseslər üzrə ekspert,,scraped,2026-08-15T23:10:24.361158,
3d3f54a031594937,https://az.linkedin.com/jobs/view/data-analyst-ecosystem-analytics-at-life-at-bir-4452975684,Data Analyst (Ecosystem Analytics),,scraped,2026-08-15T23:10:30.862200,
01383a3ab99b222d,https://az.linkedin.com/jobs/view/tribe-performance-lead-scrum-master-at-life-at-bir-4453573327,Tribe Performance Lead (Scrum master),,scraped,2026-08-15T23:10:37.365393,
22c49298741041e4,https://az.linkedin.com/jobs/view/senior-well-intervention-engineer-at-baker-hughes-4454833879,Senior Well Intervention Engineer,Baker Hughes,posted,2026-08-15T23:10:50.427176,771
fad9ef6e21f1486c,https://az.linkedin.com/jobs/view/senior-piping-engineer-azerbaijan-nationals-only-at-worley-4453693432,Senior Piping Engineer (Azerbaijan Nationals Only),Worley,posted,2026-08-15T23:11:07.338176,773
e4268fe883d61160,https://az.linkedin.com/jobs/view/x%C9%99zin%C9%99dar-at-veyseloglu-llc-4453589413,Xəzinədar,,scraped,2026-08-17T23:09:28.791281,
38df49e3112ff06e,https://az.linkedin.com/jobs/view/tendering-specialist-at-proven-ttl-advertising-production-4452268268,Tendering Specialist,,scraped,2026-08-17T23:09:35.515586,
f451369b5a255dd5,https://az.linkedin.com/jobs/view/tovuz-regional-i%CC%87nkassasiya-m%C9%99rk%C9%99zi-%C3%BCzr%C9%99-kassir-i%CC%87nkassator-at-life-at-bir-4451672849,Tovuz Regional İnkassasiya Mərkəzi üzrə Kassir-İnkassator,,scraped,2026-08-17T23:09:49.379809,
59e9f37e820560a5,https://az.linkedin.com/jobs/view/%C5%9F%C9%99ki-regional-i%CC%87nkassasiya-m%C9%99rk%C9%99zi-%C3%BCzr%C9%99-kassir-i%CC%87nkassator-at-life-at-bir-4451663914,Şəki Regional İnkassasiya Mərkəzi üzrə Kassir-İnkassator,,scraped,2026-08-17T23:09:55.862294,
b1a40b2f9f6371b1,https://az.linkedin.com/jobs/view/ba%C5%9F-i%CC%87t-auditor-pa%C5%9Fa-bank-itec-at-pasha-holding-llc-4455265019,Baş İT Auditor -PAŞA Bank (ITEC),,scraped,2026-08-17T23:10:02.429738,
1a52ee2748801872,https://az.linkedin.com/jobs/view/technician-%E2%80%93-field-service-at-nov-4450172383,Technician – Field Service,NOV,posted,2026-08-17T23:10:17.010752,775
9c71b27cb02d706b,https://az.linkedin.com/jobs/view/financial-planner-at-devere-group-4455175968,Financial Planner,,scraped,2026-08-17T23:10:21.548219,
6532f778ac6db7c7,https://az.linkedin.com/jobs/view/anbar-texnikalar%C4%B1-v%C9%99-i%CC%87stismar%C4%B1-%C3%BCzr%C9%99-b%C3%B6lm%C9%99-m%C3%BCdiri-at-veyseloglu-llc-4451901979,Anbar Texnikaları və İstismarı üzrə bölmə müdiri,,scraped,2026-08-17T23:10:29.216154,
b1e9f00a4a7c735e,https://az.linkedin.com/jobs/view/owner-at-improve-group-4452516048,Owner,Improve Group,posted,2026-08-17T23:10:56.230696,777
5d185922afd1eebb,https://az.linkedin.com/jobs/view/mal-q%C9%99bulu-%C3%BCzr%C9%99-ma%C4%9Faza-n%C3%BCmay%C9%99nd%C9%99si-at-jobu-4453732698,Mal qəbulu üzrə mağaza nümayəndəsi,,scraped,2026-08-17T23:10:58.872392,
40d9c60c4ff22e3b,https://az.linkedin.com/jobs/view/principal-process-engineer-at-kbr-inc-4455332523,Principal Process Engineer,"KBR, Inc.",posted,2026-08-17T23:11:13.059610,779
85ca804195b8574b,https://az.linkedin.com/jobs/view/sat%C4%B1%C5%9F-meneceri-at-jobu-4453724772,Satış Meneceri,,scraped,2026-08-17T23:11:17.545972,
258fea5ac6c7ceb6,https://az.linkedin.com/jobs/view/completion-subsea-senior-supervisor-at-iota-group-4455312864,Completion & Subsea Senior Supervisor,,scraped,2026-08-17T23:11:26.149491,
e9bebcce839fb8b7,https://az.linkedin.com/jobs/view/commercial-sales-manager-at-altium-4452275168,Commercial (Sales) Manager,Altium,posted,2026-08-17T23:11:42.907357,781
5785fc46a80da079,https://az.linkedin.com/jobs/view/g%C9%99nc%C9%99-regional-i%CC%87nkassasiya-m%C9%99rk%C9%99zi-%C3%BCzr%C9%99-kassir-i%CC%87nkassator-at-life-at-bir-4451665863,Gəncə Regional İnkassasiya Mərkəzi üzrə Kassir-İnkassator,,scraped,2026-08-17T23:11:55.348956,
733e88913977b7b0,https://az.linkedin.com/jobs/view/senior-fullstack-developer-at-eigroup-4455310188,Senior Fullstack Developer,,scraped,2026-08-17T23:12:11.915079,
454773df59f45158,https://az.linkedin.com/jobs/view/mechanical-commissioning-engineer-rotating-equipment-nationals-only-at-airswift-4452434630,"Mechanical Commissioning Engineer (Rotating Equipment, Nationals Only))",Airswift,posted,2026-08-17T23:12:29.419890,783
6d07aafb50827296,https://az.linkedin.com/jobs/view/editorial-board-member-%E2%80%93-journal-of-green-economy-and-optimization-research-jgeor-at-journal-of-green-economy-and-optimization-research-4453417346,Editorial Board Member – Journal of Green Economy and Optimization Research (JGEOR),Journal of Green Economy and Optimization Research,posted,2026-08-19T23:11:37.390793,785
044132ba5a749956,https://az.linkedin.com/jobs/view/food-technologist-production-coordinator-4451226820,Food Technologist / Production Coordinator,Chef2Home,posted,2026-08-19T23:11:44.694326,787
bdb91ffb863795ae,https://az.linkedin.com/jobs/view/arxa-post-n%C3%B6vb%C9%99t%C3%A7i-aga-business-center-at-aga-group-4454759406,Arxa post növbətçi (AGA Business Center),,scraped,2026-08-19T23:11:55.333623,
e2733021c75c7c16,https://az.linkedin.com/jobs/view/study-abroad-advisor-at-star-colleges-4450809766,Study Abroad Advisor,STAR Colleges,posted,2026-08-19T23:12:08.879486,789
48840493862dbbfe,https://az.linkedin.com/jobs/view/workshop-maintenance-supervisor-at-expro-4451249446,Workshop/Maintenance Supervisor,Expro,posted,2026-08-19T23:12:20.485429,791
11df3c95d626b12b,https://az.linkedin.com/jobs/view/senior-1c-developer-at-enor-group-4452852474,Senior 1c Developer,ENOR Group,posted,2026-08-19T23:12:31.718804,793
51def71980ebc10f,https://az.linkedin.com/jobs/view/model-validation-expert-senior-specialist-at-bir-ecosystem-4452573365,Model Validation Expert\ Senior Specialist,,scraped,2026-08-19T23:12:34.350001,
945991ceb9b2c2b5,https://az.linkedin.com/jobs/view/senior-offshore-operator-subsea-at-expro-4451265299,Senior Offshore Operator - Subsea,Expro,posted,2026-08-19T23:12:47.255176,795
c0db0b2bc2f000f5,https://az.linkedin.com/jobs/view/llm-fine-tuning-evaluation-engineer-at-innovation-and-digital-development-agency-4452808426,LLM Fine-Tuning & Evaluation Engineer,,scraped,2026-08-19T23:12:49.791761,
43d81b4ff0deae6f,https://az.linkedin.com/jobs/view/cnc-operatoru-at-azroksan-4456177039,CNC Operatoru,AZROKSAN,posted,2026-08-19T23:13:04.583225,797
12b5a0170fd604e8,https://az.linkedin.com/jobs/view/senior-flutter-developer-full-remote-at-social-discovery-group-4452263356,Senior Flutter Developer - Full remote,,scraped,2026-08-19T23:13:07.235123,
f9dd990d5a41e476,https://az.linkedin.com/jobs/view/contracts-commercial-administration-specialist-at-eigroup-4455303929,Contracts & Commercial Administration Specialist,,scraped,2026-08-19T23:13:15.366935,
c861be12a817570e,https://az.linkedin.com/jobs/view/senior-database-administrator-at-sphise-4456178674,Senior Database Administrator,,scraped,2026-08-19T23:13:21.654617,
aaf9ec6e8004e368,https://az.linkedin.com/jobs/view/production-technologist-at-baker-hughes-4454836895,Production Technologist,Baker Hughes,posted,2026-08-19T23:13:38.823562,799
890ff87480cebe4f,https://az.linkedin.com/jobs/view/front-office-manager-at-marriott-international-4455464597,Front Office Manager,Marriott International,posted,2026-08-19T23:13:47.475049,801
6734e5389e6f84e7,https://az.linkedin.com/jobs/view/visa-%C9%99m%C9%99liyyatlar%C4%B1-%C3%BCzr%C9%99-m%C3%BCt%C9%99x%C9%99ssis-at-baku-holiday-travel-4453446622,Visa Əməliyyatları üzrə Mütəxəssis,,scraped,2026-08-19T23:13:50.088689,
86bec4d5e04eb503,https://az.linkedin.com/jobs/view/bakixanov-filial%C4%B1-bak%C4%B1-%E2%80%93-mikro-kredit-komandas%C4%B1na-team-lead-v%C9%99-m%C3%BCt%C9%99x%C9%99ssis-at-rabitabank-ojsc-4454797224,"Bakixanov filialı, Bakı – Mikro kredit komandasına Team Lead və Mütəxəssis",,scraped,2026-08-19T23:13:56.752438,
0bc6720a58de31a5,https://az.linkedin.com/jobs/view/sat%C4%B1nalma-v%C9%99-kateqoriya-%C3%BCzr%C9%99-ki%C3%A7ik-m%C3%BCt%C9%99x%C9%99ssis-at-abu-li%CC%87fe-group-4455144667,Satınalma və Kateqoriya üzrə Kiçik Mütəxəssis,,scraped,2026-08-19T23:14:08.570151,
fa0973a8baa036e6,https://az.linkedin.com/jobs/view/kaspi-sumqay%C4%B1t-filial%C4%B1-2026-2027-ci-t%C9%99dris-ili-%C3%BCzr%C9%99-magistr-haz%C4%B1rl%C4%B1%C4%9F%C4%B1-%C3%BC%C3%A7%C3%BCn-m%C9%99ntiq-m%C3%BC%C9%99llimi-axtar%C4%B1r%21-at-kaspi-education-4454993021,"""Kaspi Sumqayıt"" filialı 2026-2027-ci tədris ili üzrə magistr hazırlığı üçün məntiq müəllimi axtarır!",,scraped,2026-08-19T23:14:18.952129,
0099eb8c1eb479e9,https://az.linkedin.com/jobs/view/it-business-analyst-m%C3%BC%C9%99llimi-at-apex-business-school-4456188608,IT Business Analyst müəllimi,APEX Business School,posted,2026-08-19T23:14:34.552002,803
04a22e82cdaf0ee0,https://az.linkedin.com/jobs/view/personal-assistant-at-puffy-4453456058,Personal Assistant,Puffy,posted,2026-08-19T23:14:41.485690,607
923609a3e6bc418a,https://az.linkedin.com/jobs/view/subsea-and-completion-senior-supervisor-at-airswift-4454399257,Subsea and completion Senior Supervisor,Airswift,posted,2026-08-19T23:14:54.346480,805
555c4a4fac313122,https://az.linkedin.com/jobs/view/issuing-vas-intern-students-graduating-summer-2028-or-december-2027-at-visa-4453531249,Issuing VAS Intern - Students Graduating Summer 2028 or December 2027,Visa,posted,2026-08-19T23:15:03.797005,807
7a177f29fb55e445,https://az.linkedin.com/jobs/view/volunteer-at-azerbaijan-volunteers-support-association-4453448047,Volunteer,Azerbaijan Volunteers Support Association,posted,2026-08-19T23:15:14.954684,809
ab37ceba265a4aaa,https://az.linkedin.com/jobs/view/subsea-completion-supervisor-at-anotech-4452244733,Subsea Completion Supervisor,,scraped,2026-08-19T23:15:17.507938,
f4c86147ad2c262c,https://az.linkedin.com/jobs/view/senior-software-engineer-at-paymentology-4456333127,Senior Software Engineer,,scraped,2026-08-19T23:15:28.252115,
92e0445ad2da6e05,https://az.linkedin.com/jobs/view/p%C9%99rak%C9%99nd%C9%99-m%C9%99hsullar%C4%B1n-sat%C4%B1%C5%9F%C4%B1-%C3%BCzr%C9%99-ki%C3%A7ik-m%C3%BCt%C9%99x%C9%99ssis-at-abb-4455256815,Pərakəndə məhsulların satışı üzrə kiçik mütəxəssis,,scraped,2026-08-19T23:15:36.906530,
ef1b5c9de03c30d9,https://az.linkedin.com/jobs/view/junior-in-process-control-specialist-at-gen-pharma-caucasus-manufacturing-operations-4452581478,Junior In-Process Control Specialist,GEN PHARMA CAUCASUS MANUFACTURING OPERATIONS,posted,2026-08-19T23:15:50.726004,811
3696f472941070a8,https://az.linkedin.com/jobs/view/assembly-repair-and-maintenance-amo-manager-at-baker-hughes-4456168453,"Assembly, Repair and Maintenance (AMO) Manager",Baker Hughes,posted,2026-08-19T23:15:59.588760,813
59e904ce8b0954f8,https://az.linkedin.com/jobs/view/p%C9%99rak%C9%99nd%C9%99-xidm%C9%99tl%C9%99r-v%C9%99-istehlak-kreditl%C9%99ri-%C3%BCzr%C9%99-ki%C3%A7ik-m%C3%BCt%C9%99x%C9%99ssis-m%C3%BCt%C9%99x%C9%99ssis-ming%C9%99%C3%A7evir-at-unibank-4454457018,Pərakəndə xidmətlər və istehlak kreditləri üzrə kiçik Mütəxəssis /Mütəxəssis (Mingəçevir),,scraped,2026-08-19T23:16:02.271736,
b4a6958abae708a0,https://az.linkedin.com/jobs/view/sat%C4%B1nalmalar-departamentinin-hesabatl%C4%B1q-v%C9%99-t%C9%99hlil-%C5%9F%C3%B6b%C9%99sinin-ki%C3%A7ik-m%C3%BCt%C9%99x%C9%99ssisi-m%C3%BCt%C9%99x%C9%99ssisi-at-abb-4453644542,Satınalmalar departamentinin Hesabatlıq və təhlil şöbəsinin kiçik mütəxəssisi / mütəxəssisi,,scraped,2026-08-19T23:16:08.879531,
ffef85854547ec31,https://az.linkedin.com/jobs/view/ba%C5%9F-m%C3%BCt%C9%99x%C9%99ssis-strateji-planla%C5%9Fd%C4%B1rma-v%C9%99-layih%C9%99l%C9%99rin-idar%C9%99olunmas%C4%B1-%C5%9F%C3%B6b%C9%99si-at-azergold-%E2%80%8B-cjsc-4452298009,Baş mütəxəssis / Strateji planlaşdırma və layihələrin idarəolunması şöbəsi,,scraped,2026-08-19T23:16:15.310983,
2bc75936a19e3d59,https://az.linkedin.com/jobs/view/%C9%99m%C9%99liyyat-b%C3%B6lm%C9%99si-h%C3%BCquqi-%C5%9F%C9%99xs-v%C9%99-sahibkar-fiziki-%C5%9F%C9%99xsl%C9%99r%C9%99-korporativ-xidm%C9%99t-g%C3%B6st%C9%99r%C9%99n-%C9%99m%C9%99liyyat%C3%A7%C4%B1-at-rabitabank-ojsc-4454788307,Əməliyyat bölməsi/ Hüquqi şəxs və sahibkar fiziki şəxslərə (Korporativ) xidmət göstərən əməliyyatçı,,scraped,2026-08-19T23:16:24.655579,
c7f5e383d26e034c,https://az.linkedin.com/jobs/view/k%C3%BCrd%C9%99mir-filial%C4%B1-%C3%BCzr%C9%99-m%C3%BC%C5%9Ft%C9%99ri-xidm%C9%99ti-t%C9%99msil%C3%A7isi-at-rabitabank-ojsc-4454904149,Kürdəmir filialı üzrə Müştəri xidməti təmsilçisi,,scraped,2026-08-19T23:16:33.482094,
9eb4bac0c62d6a8f,https://az.linkedin.com/jobs/view/region-filiallar%C4%B1-%C3%BCzr%C9%99-k%C3%B6n%C3%BCll%C3%BC-%C5%9Firvan-at-unibank-4454938082,Region filialları üzrə könüllü (Şirvan),,scraped,2026-08-19T23:16:40.103653,
